Workbook

Sheet 商品總表
A1: 編號 | B1: 品牌 | C1: 系列 | D1: 品名 | E1: 商品編號 | F1: 外寬cm | G1: 外深cm | H1: 外高cm | I1: 內寬cm | J1: 內深cm | K1: 內高cm | L1: 材質 | M1: 顏色 | N1: 可堆疊 | O1: 附蓋 | P1: 售價NT$ | Q1: 查價日 | R1: 官網連結 | S1: 來源 | T1: 可信度 | U1: 備註 | V1: 套組／多件裝
A2: MUJI-001 | B2: MUJI | C2: PP整理盒 | D2: PP整理盒1 | E2: 4548076037309 | F2: 8.5 | G2: 8.5 | H2: 5 | L2: 聚丙烯 | O2: N | P2: 29 | Q2: 2026-10-26 | R2: https://shop.muji.tw/SalePage/Index/11704064 | S2: 官網 | T2: high | U2: 可將4種尺寸任意搭配；同系列：整理盒1(8.5×8.5)、2(8.5×25.5)、3(17×25.5)、4(11.5×34)，皆高5cm；整理盒1寬×2≈整理盒3寬(17)，整理盒1深×3=整理盒2深(25.5)；容量約240ml；品號MCL10A5A
A3: MUJI-002 | B3: MUJI | C3: PP整理盒 | D3: PP整理盒2 | E3: 4548076037316 | F3: 8.5 | G3: 25.5 | H3: 5 | L3: 聚丙烯 | O3: N | P3: 49 | Q3: 2026-10-26 | R3: https://shop.muji.tw/SalePage/Index/11704065 | S3: 官網 | T3: high | U3: 可將4種尺寸任意搭配；同系列：整理盒1(8.5×8.5)、2(8.5×25.5)、3(17×25.5)、4(11.5×34)，皆高5cm；整理盒1寬×2≈整理盒3寬(17)，整理盒1深×3=整理盒2深(25.5)；容量約800ml；品號MCL11A5A；線上另有舊款「PP整理盒2」(無染色，JAN 4550512057109，同尺寸，網路商店顯示已售完，SalePage 8959675)
A4: MUJI-003 | B4: MUJI | C4: PP整理盒 | D4: PP整理盒3 | E4: 4548076037330 | F4: 17 | G4: 25.5 | H4: 5 | L4: 聚丙烯 | O4: N | P4: 59 | Q4: 2026-10-26 | R4: https://shop.muji.tw/SalePage/Index/11704066 | S4: 官網 | T4: high | U4: 可將4種尺寸任意搭配；同系列：整理盒1(8.5×8.5)、2(8.5×25.5)、3(17×25.5)、4(11.5×34)，皆高5cm；整理盒1寬×2≈整理盒3寬(17)，整理盒1深×3=整理盒2深(25.5)；容量約1,700ml；品號MCL12A5A
A5: MUJI-004 | B5: MUJI | C5: PP整理盒 | D5: PP整理盒4 | E5: 4548076037347 | F5: 11.5 | G5: 34 | H5: 5 | L5: 聚丙烯 | O5: N | P5: 49 | Q5: 2026-10-26 | R5: https://shop.muji.tw/SalePage/Index/11704067 | S5: 官網 | T5: high | U5: 可將4種尺寸任意搭配；同系列：整理盒1(8.5×8.5)、2(8.5×25.5)、3(17×25.5)、4(11.5×34)，皆高5cm；整理盒1寬×2≈整理盒3寬(17)，整理盒1深×3=整理盒2深(25.5)；容量約1,500ml；品號MCL13A5A；線上另有舊款「PP整理盒4」(無染色，JAN 4550512057123，同尺寸，SalePage 8959676)
A6: MUJI-005 | B6: MUJI | C6: PP抽屜整理盒 | D6: PP抽屜整理盒(1)/100×100×40mm | E6: 4548718421541 | F6: 10 | G6: 10 | H6: 4 | L6: 聚丙烯 | O6: N | P6: 29 | Q6: 2026-10-26 | R6: https://shop.muji.tw/SalePage/Index/8917015 | S6: 官網 | T6: high | U6: 附隔間；共4種規格可組合用於不同尺寸抽屜；高4cm；產地日本；另售整理盒用隔板(型錄貨號18497997)
A7: MUJI-006 | B7: MUJI | C7: PP抽屜整理盒 | D7: PP抽屜整理盒(2)/100×200×40mm | E7: 4548718421558 | F7: 10 | G7: 20 | H7: 4 | L7: 聚丙烯 | O7: N | P7: 59 | Q7: 2026-10-26 | R7: https://shop.muji.tw/SalePage/Index/8916946 | S7: 官網 | T7: high | U7: 附隔間；共4種規格可組合用於不同尺寸抽屜；高4cm；產地日本；另售整理盒用隔板(型錄貨號18497997)；(1)×2=(2)
A8: MUJI-007 | B8: MUJI | C8: PP抽屜整理盒 | D8: PP抽屜整理盒(3)/67×200×40mm | E8: 4548718421565 | F8: 6.7 | G8: 20 | H8: 4 | L8: 聚丙烯 | O8: N | P8: 49 | Q8: 2026-10-26 | R8: https://shop.muji.tw/SalePage/Index/8916945 | S8: 官網 | T8: high | U8: 附隔間；共4種規格可組合用於不同尺寸抽屜；高4cm；產地日本；另售PP抽屜整理盒用隔板(3)(型錄貨號18498000)
A9: MUJI-008 | B9: MUJI | C9: PP抽屜整理盒 | D9: PP抽屜整理盒(4)/134×200×40mm | E9: 4548718421572 | F9: 13.4 | G9: 20 | H9: 4 | L9: 聚丙烯 | O9: N | P9: 59 | Q9: 2026-10-26 | R9: https://shop.muji.tw/SalePage/Index/8916928 | S9: 官網 | T9: high | U9: 附隔間；共4種規格可組合用於不同尺寸抽屜；高4cm；產地日本；另售PP抽屜整理盒用隔板(4)(型錄貨號18498017)；(3)×2=(4)寬
A10: MUJI-009 | B10: MUJI | C10: PP盒/抽屜式 | D10: PP盒/深型(正反疊) | E10: 4547315253586 | F10: 26 | G10: 37 | H10: 17.5 | I10: 22 | J10: 33.5 | K10: 14 | L10: 聚丙烯 | M10: 白灰/半透明 | N10: Y | O10: N | P10: 439 | Q10: 2026-10-26 | R10: https://shop.muji.tw/SalePage/Index/8920882 | S10: 官網 | T10: high | U10: 寬26×深37系列，可正反疊、互相堆疊；可加裝輪子(另售，加裝後高度約增3.8~4.2cm)；可放入SUS層架、自由組合層架；最高堆疊6層；耐重約4kg、抽屜上方約2kg；可收納約22片DVD；半透明款型錄貨號37192447(JAN 4549337192447)，官網特集頁 https://www.muji.com/tw/feature/polypropylene-storage/標示半透明款售價380元，與網路商店白灰款439元不同
A11: MUJI-010 | B11: MUJI | C11: PP盒/抽屜式 | D11: PP盒/深型/2格/附隔板(正反疊) | E11: 4550002108274 | F11: 26 | G11: 37 | H11: 17.5 | I11: 10.5 | J11: 33.5 | K11: 14 | L11: 聚丙烯 | M11: 白灰/半透明 | N11: Y | O11: N | P11: 669 | Q11: 2026-10-26 | R11: https://shop.muji.tw/SalePage/Index/8920941 | S11: 官網 | T11: high | U11: 寬26×深37系列，可正反疊、互相堆疊；可加裝輪子(另售，加裝後高度約增3.8~4.2cm)；可放入SUS層架、自由組合層架；2抽屜並排，內寸為單一抽屜；附4片分隔板(一抽屜可分4格)；最高堆疊6層；可收納約40片CD；半透明款型錄貨號76749028，特集頁標示半透明款640元
A12: MUJI-011 | B12: MUJI | C12: PP盒/抽屜式 | D12: PP盒/深型/窄/附隔板(正反疊) | E12: 4548076749035 | F12: 14 | G12: 37 | H12: 17.5 | I12: 10.5 | J12: 33.5 | K12: 14 | L12: 聚丙烯 | M12: 半透明 | N12: Y | O12: N | P12: 379 | Q12: 2026-10-26 | R12: https://shop.muji.tw/SalePage/Index/8920948 | S12: 官網 | T12: high | U12: 寬26×深37系列，可正反疊、互相堆疊；可加裝輪子(另售，加裝後高度約增3.8~4.2cm)；可放入SUS層架、自由組合層架；1/2寬單抽屜，適合縫隙；附2片分隔板；最高堆疊4層；約可收納20片CD；特集頁標示350元
A13: MUJI-012 | B13: MUJI | C13: PP盒/抽屜式 | D13: PP盒/淺型(正反疊) | E13: 4547315253579 | F13: 26 | G13: 37 | H13: 12 | I13: 22.5 | J13: 34 | K13: 8.5 | L13: 聚丙烯 | M13: 白灰/半透明 | N13: Y | O13: N | P13: 379 | Q13: 2026-10-26 | R13: https://shop.muji.tw/SalePage/Index/8920918 | S13: 官網 | T13: high | U13: 寬26×深37系列，可正反疊、互相堆疊；可加裝輪子(另售，加裝後高度約增3.8~4.2cm)；可放入SUS層架、自由組合層架；適合A4；最高堆疊10層；耐重約3kg；半透明款型錄貨號37192423，特集頁標示半透明款350元
A14: MUJI-013 | B14: MUJI | C14: PP盒/抽屜式 | D14: PP盒/淺型/2格/附隔板(正反疊) | E14: 4550002108304 | F14: 26 | G14: 37 | H14: 12 | I14: 10.5 | J14: 34 | K14: 8.5 | L14: 聚丙烯 | M14: 白灰/半透明 | N14: Y | O14: N | P14: 499 | Q14: 2026-10-26 | R14: https://shop.muji.tw/SalePage/Index/8920903 | S14: 官網 | T14: high | U14: 寬26×深37系列，可正反疊、互相堆疊；可加裝輪子(另售，加裝後高度約增3.8~4.2cm)；可放入SUS層架、自由組合層架；2抽屜並排，內寸為單一抽屜；附6片分隔板(一抽屜可分7格)；最高堆疊10層；半透明款型錄貨號76748984，特集頁標示460元
A15: MUJI-014 | B15: MUJI | C15: PP盒/抽屜式 | D15: PP盒/淺型/窄/附隔板(正反疊) | E15: 4548076749042 | F15: 14 | G15: 37 | H15: 12 | I15: 10.5 | J15: 34 | K15: 8.5 | L15: 聚丙烯 | M15: 半透明 | N15: Y | O15: N | P15: 349 | Q15: 2026-10-26 | R15: https://shop.muji.tw/SalePage/Index/8920967 | S15: 官網 | T15: high | U15: 寬26×深37系列，可正反疊、互相堆疊；可加裝輪子(另售，加裝後高度約增3.8~4.2cm)；可放入SUS層架、自由組合層架；1/2寬；附3片分隔板；最高堆疊6層；特集頁標示320元
A16: MUJI-015 | B16: MUJI | C16: PP盒/抽屜式 | D16: PP盒/淺型/3段(正反疊) | E16: 4549337192430 | F16: 26 | G16: 37 | H16: 32.5 | I16: 22.5 | J16: 34 | K16: 8.5 | L16: 聚丙烯 | M16: 半透明 | N16: Y | O16: N | P16: 799 | Q16: 2026-10-26 | R16: https://shop.muji.tw/SalePage/Index/8920920 | S16: 官網 | T16: high | U16: 寬26×深37系列，可正反疊、互相堆疊；可加裝輪子(另售，加裝後高度約增3.8~4.2cm)；可放入SUS層架、自由組合層架；3段抽屜一體，內寸為單一抽屜；最高堆疊3層；適合A4
A17: MUJI-016 | B17: MUJI | C17: PP盒/抽屜式 | D17: PP盒/淺型/6格/附隔板(正反疊) | E17: 4548076749004 | F17: 26 | G17: 37 | H17: 32.5 | I17: 10.5 | J17: 34 | K17: 8.5 | L17: 聚丙烯 | M17: 半透明 | N17: Y | O17: N | P17: 999 | Q17: 2026-10-26 | R17: https://shop.muji.tw/SalePage/Index/8920949 | S17: 官網 | T17: high | U17: 寬26×深37系列，可正反疊、互相堆疊；可加裝輪子(另售，加裝後高度約增3.8~4.2cm)；可放入SUS層架、自由組合層架；3段×2列共6抽屜，內寸為單一抽屜；附18片分隔板；最高堆疊3層
A18: MUJI-017 | B18: MUJI | C18: PP盒/抽屜式 | D18: PP盒/薄型(正反疊) | E18: 4550002108281 | F18: 26 | G18: 37 | H18: 9 | I18: 22.5 | J18: 34 | K18: 5.5 | L18: 聚丙烯 | M18: 白灰/半透明 | N18: Y | O18: N | P18: 349 | Q18: 2026-10-26 | R18: https://shop.muji.tw/SalePage/Index/8920959 | S18: 官網 | T18: high | U18: 寬26×深37系列，可正反疊、互相堆疊；可加裝輪子(另售，加裝後高度約增3.8~4.2cm)；可放入SUS層架、自由組合層架；最高堆疊13層；耐重約2kg；半透明款型錄貨號76749066，特集頁標示320元
A19: MUJI-018 | B19: MUJI | C19: PP盒/抽屜式 | D19: PP盒/薄型/2段(正反疊) | E19: 4548076749073 | F19: 26 | G19: 37 | H19: 16.5 | I19: 22.5 | J19: 34 | K19: 5.5 | L19: 聚丙烯 | M19: 半透明 | N19: Y | O19: N | P19: 499 | Q19: 2026-10-26 | R19: https://shop.muji.tw/SalePage/Index/8920954 | S19: 官網 | T19: high | U19: 寬26×深37系列，可正反疊、互相堆疊；可加裝輪子(另售，加裝後高度約增3.8~4.2cm)；可放入SUS層架、自由組合層架；2段抽屜一體，內寸為單一抽屜；最高堆疊7層；適合A4；特集頁標示560元，與網路商店/型錄499元不同
A20: MUJI-019 | B20: MUJI | C20: PP資料盒/橫式 | D20: PP資料盒/橫式/深型 | E20: 4550002108311 | F20: 37 | G20: 26 | H20: 17.5 | I20: 33.5 | J20: 22.5 | K20: 14 | L20: 聚丙烯 | M20: 白灰/半透明 | N20: Y | O20: N | P20: 439 | Q20: 2026-10-26 | R20: https://shop.muji.tw/SalePage/Index/8920896 | S20: 官網 | T20: high | U20: 寬37×深26橫式系列，可加裝輪子(另售)；可與PP收納架互相堆疊；適合A4；最高堆疊6層；抽屜1層約2kg、天板約5kg；半透明款型錄貨號15253791，特集頁標示410元
A21: MUJI-020 | B21: MUJI | C21: PP資料盒/橫式 | D21: PP資料盒/橫式/淺型 | E21: 4550002108328 | F21: 37 | G21: 26 | H21: 12 | I21: 33.5 | J21: 22.5 | K21: 8.5 | L21: 聚丙烯 | M21: 白灰/半透明 | N21: Y | O21: N | P21: 379 | Q21: 2026-10-26 | R21: https://shop.muji.tw/SalePage/Index/8920919 | S21: 官網 | T21: high | U21: 寬37×深26橫式系列，可加裝輪子(另售)；可與PP收納架互相堆疊；適合A4；最高堆疊10層；抽屜1層約1.5kg；半透明款型錄貨號15253784，特集頁標示380元
... A23: MUJI-022 | B23: MUJI | C23: PP資料盒/橫式 | D23: PP資料盒/橫式/薄型/2格 | E23: 4550002118990 | F23: 37 | G23: 26 | H23: 9 | I23: 16 | J23: 22.5 | K23: 5.5 | L23: 聚丙烯 | M23: 白灰/半透明 | N23: Y | O23: N | P23: 469 | Q23: 2026-10-26 | R23: https://shop.muji.tw/SalePage/Index/8920937 | S23: 官網 | T23: high | U23: 寬37×深26橫式系列，可加裝輪子(另售)；可與PP收納架互相堆疊；適合A4；2抽屜並排，內寸為單一抽屜；最高堆疊13層；半透明款型錄貨號15253777，特集頁標示560元，與網路商店/型錄469元不同
A24: MUJI-023 | B24: MUJI | C24: PP收納箱 | D24: PP收納箱/中型 | E24: 4550182219418 | F24: 37 | G24: 25 | H24: 16 | L24: 聚丙烯 | N24: Y | O24: N | P24: 199 | Q24: 2026-10-26 | R24: https://shop.muji.tw/SalePage/Index/8920914 | S24: 官網 | T24: high | U24: 尺寸可放入無印良品檔案盒；另售專用蓋(約37.5×25.5×2.5cm，129元)與內托盤；最高堆疊8層；耐重約5kg；內寸官方未標示
A25: MUJI-024 | B25: MUJI | C25: PP收納箱 | D25: PP收納箱/深型 | E25: 4550182219401 | F25: 37 | G25: 25 | H25: 31.5 | I25: 32 | J25: 20.5 | K25: 30 | L25: 聚丙烯 | N25: Y | O25: N | P25: 299 | Q25: 2026-10-26 | R25: https://shop.muji.tw/SalePage/Index/8920930 | S25: 官網 | T25: high | U25: 尺寸可放入無印良品檔案盒(檔案盒高24~31.8cm)；另售專用蓋(129元)與內托盤；最高堆疊4層；耐重約8kg
A26: MUJI-025 | B26: MUJI | C26: PP收納箱 | D26: PP收納箱內托盤 | E26: 4550182219449 | F26: 35 | G26: 23 | H26: 5.5 | L26: 聚丙烯 | O26: N | P26: 169 | Q26: 2026-10-26 | R26: https://shop.muji.tw/SalePage/Index/8920973 | S26: 官網 | T26: high | U26: PP收納箱(寬37×深25)系列專用內托盤，置於箱子上部；不可與舊款聚丙烯搬運箱一同使用；尺寸取自型錄P.25(貨號82219449)
A27: MUJI-026 | B27: MUJI | C27: PP附輪收納箱/追加用 | D27: PP追加用收納盒/高11cm | E27: 4547315880171 | F27: 18 | G27: 40 | H27: 11 | I27: 13 | J27: 36 | K27: 7 | L27: 聚丙烯 | N27: Y | O27: N | P27: 299 | Q27: 2026-10-26 | R27: https://shop.muji.tw/SalePage/Index/8920957 | S27: 官網 | T27: high | U27: 寬18×深40系列；可與附輪收納箱、專用輪(另售)組合；追加高度上限122cm(含輪)；最高堆疊10層；型錄稱「淺型」
A28: MUJI-027 | B28: MUJI | C28: PP附輪收納箱/追加用 | D28: PP追加用收納盒/高21cm | E28: 4945247721584 | F28: 18 | G28: 40 | H28: 21 | I28: 13 | J28: 35.5 | K28: 17 | L28: 聚丙烯 | N28: Y | O28: N | P28: 349 | Q28: 2026-10-26 | R28: https://shop.muji.tw/SalePage/Index/8920932 | S28: 官網 | T28: high | U28: 寬18×深40系列；可與附輪收納箱、專用輪(另售)組合；追加高度上限122cm(含輪)；最高堆疊5層；型錄稱「抽屜式」
A29: MUJI-028 | B29: MUJI | C29: PP附輪收納箱/追加用 | D29: PP追加用收納盒/高30.5cm | E29: 4547315880164 | F29: 18 | G29: 40 | H29: 30.5 | I29: 12.5 | J29: 35 | K29: 26.5 | L29: 聚丙烯 | N29: Y | O29: N | P29: 449 | Q29: 2026-10-26 | R29: https://shop.muji.tw/SalePage/Index/8920956 | S29: 官網 | T29: high | U29: 寬18×深40系列；可與附輪收納箱、專用輪(另售)組合；追加高度上限122cm(含輪)；最高堆疊4層；型錄稱「深型」
A30: MUJI-029 | B30: MUJI | C30: PP檔案盒 | D30: 聚丙烯檔案盒.標準型.A4用 | E30: 4550344902776 | F30: 10 | G30: 32 | H30: 24 | L30: 聚丙烯 | M30: 白灰 | O30: N | P30: 199 | Q30: 2026-10-26 | R30: https://shop.muji.tw/SalePage/Index/8919740 | S30: 官網 | T30: high | U30: 深32cm立式檔案盒系列；可直放或橫放；耐重約5kg；可放入PP收納箱深型；另售檔案盒用蓋/寬10cm用(79元，可裝輪子)；型錄另列未標色款貨號44902769
A31: MUJI-030 | B31: MUJI | C31: PP檔案盒 | D31: 聚丙烯檔案盒.標準型.寬.A4 | E31: 4550344902813 | F31: 15 | G31: 32 | H31: 24 | L31: 聚丙烯 | M31: 白灰 | O31: N | P31: 299 | Q31: 2026-10-26 | R31: https://shop.muji.tw/SalePage/Index/8919420 | S31: 官網 | T31: high | U31: 深32cm立式檔案盒系列；可直放或橫放；耐重約5kg；可放入兩本厚50mm的2孔檔案夾；網路商店規格寫「約長15x寬32x高24cm」，依型錄「約寬15×深32×高24cm」判讀；另售檔案盒用蓋/寬15cm用(99元)；型錄另列未標色款貨號44902806
A32: MUJI-031 | B32: MUJI | C32: PP檔案盒 | D32: 聚丙烯檔案盒.標準型.1/2 | F32: 10 | G32: 32 | H32: 12 | L32: 聚丙烯 | M32: 白灰 | N32: Y | O32: N | P32: 129 | Q32: 2026-10-26 | R32: https://shop.muji.tw/muji-journal/pdf/pdf/25AW-storage.pdf | S32: 型錄PDF | T32: medium | U32: 深32cm立式檔案盒系列；可直放或橫放；耐重約5kg；高度為標準型的1/2，最多可堆疊3層；網路商店查無此品項，僅見於型錄P.37(貨號44902752)，庫存請以門市為準
A33: MUJI-032 | B33: MUJI | C33: PP檔案盒 | D33: 聚丙烯檔案盒.標準型.寬.1/2 | E33: 4550344902790 | F33: 15 | G33: 32 | H33: 12 | L33: 聚丙烯 | M33: 白灰 | N33: Y | O33: N | P33: 199 | Q33: 2026-10-26 | R33: https://shop.muji.tw/SalePage/Index/8919406 | S33: 官網 | T33: high | U33: 深32cm立式檔案盒系列；可直放或橫放；耐重約5kg；標準型.寬的1/2高度，最多可堆疊3層
A34: MUJI-033 | B34: MUJI | C34: PP檔案盒 | D34: 聚丙烯檔案盒.標準型.1/2.25cm | E34: 4550344902882 | F34: 25 | G34: 32 | H34: 12 | L34: 聚丙烯 | N34: Y | O34: N | P34: 329 | Q34: 2026-10-26 | R34: https://shop.muji.tw/SalePage/Index/8919401 | S34: 官網 | T34: high | U34: 寬25cm、高度為系列1/2的立式檔案盒；搭配另售「聚丙烯立式檔案盒.標準型用蓋(可裝置輪子)」最多可堆疊3層
A35: MUJI-034 | B35: MUJI | C35: PP檔案盒 | D35: 聚丙烯立式斜口檔案盒.A4 | E35: 4550344902899 | F35: 10 | G35: 27.6 | H35: 31.8 | L35: 聚丙烯 | M35: 白灰 | O35: N | P35: 199 | Q35: 2026-10-26 | R35: https://shop.muji.tw/SalePage/Index/8919735 | S35: 官網 | T35: high | U35: 斜口設計，可收納A4加寬尺寸檔案夾；耐重約5kg；型錄另列未標色款貨號44902738
A36: MUJI-035 | B36: MUJI | C36: PP檔案盒 | D36: 聚丙烯立式斜口檔案盒.寬.A4 | E36: 4550344902912 | F36: 15 | G36: 27.6 | H36: 31.8 | L36: 聚丙烯 | M36: 白灰 | O36: N | P36: 299 | Q36: 2026-10-26 | R36: https://shop.muji.tw/SalePage/Index/8919737 | S36: 官網 | T36: high | U36: 可放入兩本厚50mm的2孔檔案夾；亦可收納A4加寬檔案夾；耐重約5kg；型錄另列未標色款貨號44902905
A37: MUJI-036 | B37: MUJI | C37: PP化妝盒(含再生聚丙烯) | D37: 含有再生聚丙烯化妝盒 | E37: 4550584465413 | F37: 15 | G37: 22 | H37: 16.9 | L37: 聚丙烯(含20%再生聚丙烯) | N37: Y | O37: N | P37: 119 | Q37: 2026-10-26 | R37: https://shop.muji.tw/SalePage/Index/11050118 | S37: 官網 | T37: high | U37: 同尺寸可堆疊；寬15cm系列，1/4、1/2、全高依序約4.5/8.6/16.9cm；品號OGB85A5S；另售含有再生聚丙烯化妝盒蓋/大(約15.7×23.2×2cm，59元)
A38: MUJI-037 | B38: MUJI | C38: PP化妝盒(含再生聚丙烯) | D38: 含有再生聚丙烯化妝盒1/2 | E38: 4550584465406 | F38: 15 | G38: 22 | H38: 8.6 | L38: 聚丙烯(含20%再生聚丙烯) | N38: Y | O38: N | P38: 109 | Q38: 2026-10-26 | R38: https://shop.muji.tw/SalePage/Index/11050116 | S38: 官網 | T38: high | U38: 同尺寸可堆疊；寬15cm系列，1/4、1/2、全高依序約4.5/8.6/16.9cm；品號OGB84A5S；另售化妝盒蓋/大(59元)
A39: MUJI-038 | B39: MUJI | C39: PP化妝盒(含再生聚丙烯) | D39: 含有再生聚丙烯化妝盒1/4 | E39: 4550584465390 | F39: 15 | G39: 22 | H39: 4.5 | L39: 聚丙烯(含20%再生聚丙烯) | N39: Y | O39: N | P39: 69 | Q39: 2026-10-26 | R39: https://shop.muji.tw/SalePage/Index/11050114 | S39: 官網 | T39: high | U39: 同尺寸可堆疊；寬15cm系列，1/4、1/2、全高依序約4.5/8.6/16.9cm；品號OGB83A5S；另售化妝盒蓋/大(59元)
A40: MUJI-039 | B40: MUJI | C40: PP化妝盒(含再生聚丙烯) | D40: 含有再生聚丙烯化妝盒1/2橫型 | E40: 4550584465383 | F40: 15 | G40: 11 | H40: 8.6 | L40: 聚丙烯(含20%再生聚丙烯) | N40: Y | O40: N | P40: 69 | Q40: 2026-10-26 | R40: https://shop.muji.tw/SalePage/Index/11050102 | S40: 官網 | T40: high | U40: 同尺寸可堆疊；寬15cm系列，1/4、1/2、全高依序約4.5/8.6/16.9cm；深度為化妝盒的1/2(11cm)，2個並排=化妝盒1/2；品號OGB82A5S；另售化妝盒蓋/小(約11.7×15.7×2cm，39元)
A41: MUJI-040 | B41: MUJI | C41: PP化妝盒(含再生聚丙烯) | D41: 含有再生聚丙烯化妝盒1/4橫型 | E41: 4550584465376 | F41: 15 | G41: 11 | H41: 4.5 | L41: 聚丙烯(含20%再生聚丙烯) | O41: N | P41: 59 | Q41: 2026-10-26 | R41: https://shop.muji.tw/SalePage/Index/11050100 | S41: 官網 | T41: high | U41: 同尺寸可堆疊；寬15cm系列，1/4、1/2、全高依序約4.5/8.6/16.9cm；品號OGB81A5S；另售化妝盒蓋/小(39元)
A42: MUJI-041 | B42: MUJI | C42: PP化妝盒(含再生聚丙烯) | D42: 含有再生聚丙烯化妝盒1/4縱型 | E42: 4550584935107 | F42: 7.5 | G42: 22 | H42: 4.5 | L42: 聚丙烯(含20%再生聚丙烯) | O42: N | P42: 69 | Q42: 2026-10-26 | R42: https://shop.muji.tw/SalePage/Index/11781929 | S42: 官網 | T42: high | U42: 縱型細長款，寬為化妝盒的1/2(7.5cm)，2個並排=化妝盒1/4；品號OGB90A5A
A43: MUJI-042 | B43: MUJI | C43: PP化妝盒(含再生聚丙烯) | D43: 含有再生聚丙烯棉花/棉棒盒 | E43: 4550584465352 | F43: 10.7 | G43: 7.2 | H43: 7.7 | L43: 聚丙烯(含20%再生聚丙烯) | O43: N | P43: 59 | Q43: 2026-10-26 | R43: https://shop.muji.tw/SalePage/Index/11147558 | S43: 官網 | T43: high | U43: 可作為大尺寸化妝盒的隔間使用；品號OGB79A5S
A44: MUJI-043 | B44: MUJI | C44: PP化妝盒(含再生聚丙烯) | D44: 含有再生聚丙烯化妝盒/棉花.棉棒盒(附盒蓋) | E44: 4550584465444 | F44: 10.7 | G44: 7.2 | H44: 9.1 | L44: 聚丙烯(含20%再生聚丙烯) | O44: Y | P44: 69 | Q44: 2026-10-26 | R44: https://shop.muji.tw/SalePage/Index/11781928 | S44: 官網 | T44: high | U44: 附蓋，外寸高含蓋；品號OGB88A5S
A45: MUJI-044 | B45: MUJI | C45: PP化妝盒 | D45: PP化妝盒/附蓋.小 | E45: 4550583971793 | F45: 15 | G45: 11 | H45: 10.3 | L45: 聚丙烯 | N45: Y | O45: Y | P45: 79 | Q45: 2026-10-26 | R45: https://shop.muji.tw/SalePage/Index/10190122 | S45: 官網 | T45: high | U45: 附蓋；同尺寸可堆疊
A46: MUJI-045 | B46: MUJI | C46: PP化妝盒 | D46: PP化妝盒/附蓋.大 | E46: 4550583971809 | F46: 15 | G46: 22 | H46: 10.3 | L46: 聚丙烯 | N46: Y | O46: Y | P46: 129 | Q46: 2026-10-26 | R46: https://shop.muji.tw/SalePage/Index/10190123 | S46: 官網 | T46: high | U46: 附蓋；同尺寸可堆疊；大=小×2(深度)
A47: MUJI-046 | B47: MUJI | C47: PP化妝盒 | D47: PP化妝盒1/2橫型.附隔板 | E47: 4550583971779 | F47: 15 | G47: 11 | H47: 8.6 | L47: 聚丙烯 | N47: Y | O47: N | P47: 69 | Q47: 2026-10-26 | R47: https://shop.muji.tw/SalePage/Index/10190120 | S47: 官網 | T47: high | U47: 附隔板；同尺寸可堆疊；與含有再生聚丙烯化妝盒1/2橫型同尺寸
A48: MUJI-047 | B48: MUJI | C48: PP化妝盒 | D48: PP化妝盒1/4橫型.附隔板 | E48: 4550583971786 | F48: 15 | G48: 11 | H48: 4.5 | L48: 聚丙烯 | N48: Y | O48: N | P48: 59 | Q48: 2026-10-26 | R48: https://shop.muji.tw/SalePage/Index/10190121 | S48: 官網 | T48: high | U48: 附隔板；同尺寸可堆疊
A49: MUJI-048 | B49: MUJI | C49: PP化妝盒 | D49: PP化妝盒/棉棒用.附蓋 | E49: 4550583971816 | F49: 10.7 | G49: 7.2 | H49: 9.1 | L49: 聚丙烯 | O49: Y | P49: 69 | Q49: 2026-10-26 | R49: https://shop.muji.tw/SalePage/Index/10190124 | S49: 官網 | T49: high | U49: 附蓋；與含有再生聚丙烯棉花.棉棒盒(附盒蓋)同尺寸
A50: MUJI-049 | B50: MUJI | C50: 聚丙烯小物盒 | D50: 聚丙烯小物盒/SS | E50: 4550182202922 | F50: 3.7 | G50: 6.3 | H50: 1.2 | L50: 聚丙烯 | P50: 29 | Q50: 2026-10-26 | R50: https://shop.muji.tw/SalePage/Index/8920741 | S50: 官網 | T50: high | U50: 適合髮夾等
A51: MUJI-050 | B51: MUJI | C51: 聚丙烯小物盒 | D51: 聚丙烯小物盒/S | E51: 4550182202939 | F51: 3.7 | G51: 10 | H51: 1.2 | L51: 聚丙烯 | P51: 39 | Q51: 2026-10-26 | R51: https://shop.muji.tw/SalePage/Index/8920733 | S51: 官網 | T51: high | U51: 適合OK繃、棉花棒等
A52: MUJI-051 | B52: MUJI | C52: 聚丙烯小物盒 | D52: 聚丙烯小物盒/M | E52: 4550002547691 | F52: 6.4 | G52: 5.2 | H52: 2 | L52: 聚丙烯 | P52: 39 | Q52: 2026-10-26 | R52: https://shop.muji.tw/SalePage/Index/8920711 | S52: 官網 | T52: high | U52: 適合各式小物
A53: MUJI-052 | B53: MUJI | C53: 聚丙烯小物盒 | D53: 聚丙烯小物盒/L | E53: 4550182202946 | F53: 7.5 | G53: 11 | H53: 4.6 | L53: 聚丙烯 | P53: 69 | Q53: 2026-10-26 | R53: https://shop.muji.tw/SalePage/Index/8920677 | S53: 官網 | T53: high | U53: 適合急救用品等
A54: MUJI-053 | B54: MUJI | C54: 聚丙烯小物盒 | D54: 聚丙烯藥盒/S | E54: 4550002547653 | F54: 8.5 | G54: 6.6 | H54: 2 | L54: 聚丙烯 | P54: 59 | Q54: 2026-10-26 | R54: https://shop.muji.tw/SalePage/Index/8920668 | S54: 官網 | T54: high | U54: 藥品、耳環等小物；分格
A55: MUJI-054 | B55: MUJI | C55: 聚丙烯小物盒 | D55: 聚丙烯藥盒/L | E55: 4550182202915 | F55: 6.6 | G55: 17 | H55: 2 | L55: 聚丙烯 | P55: 99 | Q55: 2026-10-26 | R55: https://shop.muji.tw/SalePage/Index/8920727 | S55: 官網 | T55: high | U55: 藥丸、耳環等；耐熱80℃
A56: MUJI-055 | B56: MUJI | C56: 壓克力收納 | D56: 可堆疊壓克力抽屜盒/2層 | E56: 4945247380910 | F56: 17.5 | G56: 13 | H56: 9.5 | L56: 丙烯系樹脂(壓克力) | M56: 透明 | N56: Y | O56: N | P56: 469 | Q56: 2026-10-26 | R56: https://shop.muji.tw/SalePage/Index/8916844 | S56: 官網 | T56: high | U56: 可堆疊；可放入灰絨內盒.可堆疊(15.5×12×2.5cm)
A57: MUJI-056 | B57: MUJI | C57: 壓克力收納 | D57: 可堆疊壓克力附蓋抽屜盒/2層 | E57: 4945247380965 | F57: 17.5 | G57: 13 | H57: 9.5 | L57: 丙烯系樹脂(壓克力) | M57: 透明 | N57: Y | O57: Y | P57: 499 | Q57: 2026-10-26 | R57: https://shop.muji.tw/SalePage/Index/8916855 | S57: 官網 | T57: high | U57: 上層掀蓋+下層抽屜；可與同系列堆疊
A58: MUJI-057 | B58: MUJI | C58: 壓克力收納 | D58: 可堆疊壓克力抽屜盒.2層.大 | E58: 4550182998283 | F58: 25.5 | G58: 17 | H58: 9.5 | L58: 丙烯系樹脂(壓克力) | M58: 透明 | N58: Y | O58: N | P58: 669 | Q58: 2026-10-26 | R58: https://shop.muji.tw/SalePage/Index/8916856 | S58: 官網 | T58: high | U58: 同系列同尺寸最多堆疊2個；可放入灰絨內盒.可堆疊×2個或灰絨內盒.可堆疊.大×1個
A59: MUJI-058 | B59: MUJI | C59: 壓克力收納 | D59: 可堆疊壓克力附蓋抽屜盒.2層.大 | E59: 4550182998290 | F59: 25.5 | G59: 17 | H59: 9.5 | L59: 丙烯系樹脂(壓克力) | M59: 透明 | N59: Y | O59: Y | P59: 699 | Q59: 2026-10-26 | R59: https://shop.muji.tw/SalePage/Index/8916862 | S59: 官網 | T59: high | U59: 上層可掀蓋；同系列同尺寸最多堆疊2個；可搭配灰絨內盒
A60: MUJI-059 | B60: MUJI | C60: 壓克力收納 | D60: 壓克力小物收納盒/3層 | E60: 4934761798202 | F60: 8.7 | G60: 17 | H60: 25.2 | L60: 丙烯系樹脂(壓克力) | M60: 透明 | O60: N | P60: 849 | Q60: 2026-10-26 | R60: https://shop.muji.tw/SalePage/Index/8916860 | S60: 官網 | T60: high | U60: 官方規格約87×170×252mm；可改變抽屜方向縱、橫放置；與壓克力小物收納盒/6層同高
A61: MUJI-060 | B61: MUJI | C61: 壓克力收納 | D61: 壓克力小物收納盒/6層 | E61: 4549337268142 | F61: 8.7 | G61: 17 | H61: 25.2 | L61: 丙烯系樹脂(壓克力) | M61: 透明 | O61: N | P61: 999 | Q61: 2026-10-26 | R61: https://shop.muji.tw/SalePage/Index/8916943 | S61: 官網 | T61: high | U61: 官方規格約87×170×252mm；設計成與MDF收納盒、小物收納盒/3層同高
A62: MUJI-061 | B62: MUJI | C62: 壓克力收納 | D62: 壓克力眼鏡小物收納架/4層 | E62: 4934761174280 | F62: 6.7 | G62: 17.5 | H62: 25 | L62: 丙烯系樹脂(壓克力) | M62: 透明 | O62: N | P62: 649 | Q62: 2026-10-26 | R62: https://shop.muji.tw/SalePage/Index/8916851 | S62: 官網 | T62: high | U62: 4層抽屜，可縱橫放置；專用灰絨內盒/小物用(約5×16.5×2cm)另售
A63: MUJI-062 | B63: MUJI | C63: 壓克力收納 | D63: 壓克力項鍊耳環收納架 | E63: 4548718958207 | F63: 6.7 | G63: 13 | H63: 25 | L63: 丙烯系樹脂(壓克力) | M63: 透明 | O63: N | P63: 499 | Q63: 2026-10-26 | R63: https://shop.muji.tw/SalePage/Index/8916847 | S63: 官網 | T63: high | U63: 可吊掛項鍊耳環；專用灰絨內盒/戒指用(約5×12×2cm)另售
A64: MUJI-063 | B64: MUJI | C64: 壓克力收納 | D64: 壓克力項鍊耳環收納/左右對開型 | E64: 4549738671480 | F64: 17.5 | G64: 8.8 | H64: 25 | L64: 丙烯系樹脂(壓克力) | M64: 透明 | O64: N | P64: 629 | Q64: 2026-10-26 | R64: https://shop.muji.tw/SalePage/Index/8916846 | S64: 官網 | T64: high | U64: 左右對開；專用灰絨內盒(戒指用/小物用，約16.7×3.7×2cm)另售
A65: MUJI-064 | B65: MUJI | C65: 壓克力收納 | D65: 壓克力展示盒(附門).小 | E65: 4550002856120 | F65: 25.2 | G65: 8.4 | H65: 18.4 | L65: 丙烯樹脂(壓克力) | M65: 透明 | O65: N | P65: 699 | Q65: 2026-10-26 | R65: https://shop.muji.tw/SalePage/Index/8916854 | S65: 官網 | T65: high | U65: 附門展示收納；可改變擺放方向
A66: MUJI-065 | B66: MUJI | C66: 壓克力收納 | D66: 壓克力展示盒(附門).大 | E66: 4550002856113 | F66: 33.6 | G66: 8.4 | H66: 24.4 | L66: 丙烯樹脂(壓克力) | M66: 透明 | O66: N | P66: 799 | Q66: 2026-10-26 | R66: https://shop.muji.tw/SalePage/Index/8916857 | S66: 官網 | T66: high | U66: 附門展示收納
A67: MUJI-066 | B67: MUJI | C67: 壓克力收納 | D67: 壓克力收納展示盒(4×4格) | E67: 4945247381115 | F67: 27.5 | G67: 7 | H67: 35 | L67: 丙烯系樹脂(壓克力) | M67: 透明(背板不透明) | O67: N | P67: 899 | Q67: 2026-10-26 | R67: https://shop.muji.tw/SalePage/Index/10258364 | S67: 官網 | T67: high | U67: 後側面板不透明，前後面板可拆
A68: MUJI-067 | B68: MUJI | C68: 壓克力收納 | D68: 壓克力小物容器 | E68: 4548076427438 | F68: 9 | G68: 9 | H68: 9.7 | L68: 聚甲基丙烯酸甲酯(壓克力) | M68: 透明 | O68: N | P68: 150 | Q68: 2026-10-26 | R68: https://shop.muji.tw/SalePage/Index/12006151 | S68: 官網 | T68: high | U68: 圓筒形，官方規格「直徑約90x97mm」，outer_w/d填直徑、outer_h填97mm(推定為高)；品號ODA59A6S
A69: MUJI-068 | B69: MUJI | C69: 壓克力收納 | D69: 壓克力小物容器/小 | E69: 4548076427445 | F69: 7 | G69: 7 | H69: 9.7 | L69: 聚甲基丙烯酸甲酯(壓克力) | M69: 透明 | O69: N | P69: 120 | Q69: 2026-10-26 | R69: https://shop.muji.tw/SalePage/Index/12006153 | S69: 官網 | T69: high | U69: 圓筒形，官方規格「直徑約70x97mm」，outer_w/d填直徑；品號ODA60A6S
A70: MUJI-069 | B70: MUJI | C70: 灰絨內盒 | D70: 灰絨內盒.可堆疊/格狀隔間 | E70: 4550344596517 | F70: 15.5 | G70: 12 | H70: 2.5 | L70: 芯材聚苯乙烯、絨布表面 | M70: 灰 | N70: Y | O70: N | P70: 269 | Q70: 2026-10-26 | R70: https://shop.muji.tw/SalePage/Index/8916850 | S70: 官網 | T70: high | U70: 可直接作抽屜隔間；可放入可堆疊壓克力抽屜盒.2層，大尺寸可放2個；可與縱型隔間款互疊，堆疊勿超過5個
A71: MUJI-070 | B71: MUJI | C71: 灰絨內盒 | D71: 灰絨內盒.可堆疊/縱型隔間 | E71: 4550344596524 | F71: 15.5 | G71: 12 | H71: 2.5 | L71: 芯材聚苯乙烯、絨布表面 | M71: 灰 | N71: Y | O71: N | P71: 139 | Q71: 2026-10-26 | R71: https://shop.muji.tw/SalePage/Index/8916872 | S71: 官網 | T71: high | U71: 可放入可堆疊壓克力抽屜盒.2層，大尺寸可放2個；堆疊勿超過5個
A72: MUJI-071 | B72: MUJI | C72: 灰絨內盒 | D72: 灰絨內盒.可堆疊.大/戒指小物用 | E72: 4550344596548 | F72: 23.5 | G72: 15.5 | H72: 2.5 | L72: 芯材聚苯乙烯、絨布表面 | M72: 灰 | N72: Y | O72: N | P72: 269 | Q72: 2026-10-26 | R72: https://shop.muji.tw/SalePage/Index/8916905 | S72: 官網 | T72: high | U72: 搭配可堆疊壓克力抽屜盒.2層.大可放1個；堆疊勿超過5個
A73: MUJI-072 | B73: MUJI | C73: 灰絨內盒 | D73: 灰絨內盒.可堆疊.大/項鍊收納用 | E73: 4550344596531 | F73: 23.5 | G73: 15.5 | H73: 2.5 | L73: 芯材聚苯乙烯、絨布表面 | M73: 灰 | N73: Y | O73: N | P73: 269 | Q73: 2026-10-26 | R73: https://shop.muji.tw/SalePage/Index/8916972 | S73: 官網 | T73: high | U73: 搭配可堆疊壓克力抽屜盒.2層.大可放1個；堆疊勿超過5個
A74: MUJI-073 | B74: MUJI | C74: 灰絨內盒 | D74: 灰絨內盒/戒指用(可對應壓克力項鍊耳環收納架) | E74: 4550344596555 | F74: 5 | G74: 12 | H74: 2 | L74: 芯材聚苯乙烯、絨布表面 | M74: 灰 | O74: N | P74: 139 | Q74: 2026-10-26 | R74: https://shop.muji.tw/SalePage/Index/8916884 | S74: 官網 | T74: high | U74: 壓克力項鍊耳環收納架專用
A75: MUJI-074 | B75: MUJI | C75: 灰絨內盒 | D75: 灰絨內盒/小物用(可對應壓克力眼鏡小物收納架) | E75: 4550344596562 | F75: 5 | G75: 16.5 | H75: 2 | L75: 芯材聚苯乙烯、絨布表面 | M75: 灰 | O75: N | P75: 139 | Q75: 2026-10-26 | R75: https://shop.muji.tw/SalePage/Index/8917043 | S75: 官網 | T75: high | U75: 壓克力眼鏡小物收納架/4層專用
A76: MUJI-075 | B76: MUJI | C76: 灰絨內盒 | D76: 灰絨內盒/戒指用(可對應壓克力項鍊耳環收納/左右對開型) | E76: 4550344596579 | F76: 16.7 | G76: 3.7 | H76: 2 | L76: 芯材聚苯乙烯、絨布表面 | M76: 灰 | O76: N | P76: 139 | Q76: 2026-10-26 | R76: https://shop.muji.tw/SalePage/Index/8916984 | S76: 官網 | T76: high | U76: 左右對開型專用
A77: MUJI-076 | B77: MUJI | C77: 灰絨內盒 | D77: 灰絨內盒/小物用(可對應壓克力項鍊耳環收納/左右對開型) | E77: 4550344596586 | F77: 16.7 | G77: 3.7 | H77: 2 | L77: 芯材聚苯乙烯、絨布表面 | M77: 灰 | O77: N | P77: 139 | Q77: 2026-10-26 | R77: https://shop.muji.tw/SalePage/Index/8917062 | S77: 官網 | T77: high | U77: 左右對開型專用
A78: MUJI-077 | B78: MUJI | C78: 軟質聚乙烯收納盒 | D78: 軟質聚乙烯收納盒/小 | E78: 4547315197835 | F78: 25.5 | G78: 36 | H78: 8 | I78: 19 | J78: 30 | K78: 7 | L78: 聚乙烯 | O78: N | P78: 199 | Q78: 2026-10-26 | R78: https://shop.muji.tw/SalePage/Index/8920900 | S78: 官網 | T78: high | U78: 圓角軟質；耐水耐冷；可放入SUS層架、自由組合層架；另售軟質聚乙烯收納盒用蓋(約26×36.5×1.5cm，89元)
A79: MUJI-078 | B79: MUJI | C79: 軟質聚乙烯收納盒 | D79: 軟質聚乙烯收納盒/中 | E79: 4547315197842 | F79: 25.5 | G79: 36 | H79: 16 | I79: 18.5 | J79: 29 | K79: 15 | L79: 聚乙烯 | O79: N | P79: 239 | Q79: 2026-10-26 | R79: https://shop.muji.tw/SalePage/Index/8920890 | S79: 官網 | T79: high | U79: 圓角軟質；耐水耐冷；可放入SUS層架、自由組合層架；另售用蓋(89元)
A80: MUJI-079 | B80: MUJI | C80: 軟質聚乙烯收納盒 | D80: 軟質聚乙烯收納盒/大 | E80: 4547315197859 | F80: 25.5 | G80: 36 | H80: 24 | I80: 18 | J80: 30 | K80: 23 | L80: 聚乙烯 | N80: Y | O80: N | P80: 299 | Q80: 2026-10-26 | R80: https://shop.muji.tw/SalePage/Index/8920870 | S80: 官網 | T80: high | U80: 圓角軟質；耐水耐冷；可放入SUS層架、自由組合層架；型錄標示可堆疊2層(需加購專用蓋)；另售用蓋(89元)
A81: MUJI-080 | B81: MUJI | C81: 軟質聚乙烯收納盒 | D81: 軟質聚乙烯收納盒/深 | E81: 4547315197804 | F81: 25.5 | G81: 36 | H81: 32 | I81: 17 | J81: 27 | K81: 31 | L81: 聚乙烯 | N81: Y | O81: N | P81: 399 | Q81: 2026-10-26 | R81: https://shop.muji.tw/SalePage/Index/8920892 | S81: 官網 | T81: high | U81: 圓角軟質；耐水耐冷；可放入SUS層架、自由組合層架；型錄標示可堆疊2層(需加購專用蓋)
A82: MUJI-081 | B82: MUJI | C82: 軟質聚乙烯收納盒 | D82: 軟質聚乙烯收納盒/半/小 | E82: 4547315197774 | F82: 18 | G82: 25.5 | H82: 8 | I82: 11 | J82: 19 | K82: 7 | L82: 聚乙烯 | O82: N | P82: 139 | Q82: 2026-10-26 | R82: https://shop.muji.tw/SalePage/Index/8921121 | S82: 官網 | T82: high | U82: 圓角軟質；耐水耐冷；可放入SUS層架、自由組合層架；半=寬度約一半，2個並排≈標準款深36；另售用蓋/半(約18.5×26×1.5cm，69元)
A83: MUJI-082 | B83: MUJI | C83: 軟質聚乙烯收納盒 | D83: 軟質聚乙烯收納盒/半/中 | E83: 4547315197781 | F83: 18 | G83: 25.5 | H83: 16 | I83: 10 | J83: 18 | K83: 15 | L83: 聚乙烯 | N83: Y | O83: N | P83: 199 | Q83: 2026-10-26 | R83: https://shop.muji.tw/SalePage/Index/8920873 | S83: 官網 | T83: high | U83: 圓角軟質；耐水耐冷；可放入SUS層架、自由組合層架；型錄標示可堆疊2層；另售用蓋/半(69元)
A84: MUJI-083 | B84: MUJI | C84: 軟質聚乙烯收納盒 | D84: 軟質聚乙烯收納盒/半/大 | E84: 4547315197798 | F84: 18 | G84: 25.5 | H84: 24 | I84: 17 | J84: 24.5 | K84: 23 | L84: 聚乙烯 | N84: Y | O84: N | P84: 239 | Q84: 2026-10-26 | R84: https://shop.muji.tw/SalePage/Index/8920943 | S84: 官網 | T84: high | U84: 圓角軟質；耐水耐冷；可放入SUS層架、自由組合層架；型錄標示可堆疊2層；另售用蓋/半(69元)
A85: MUJI-084 | B85: MUJI | C85: 聚酯纖維麻收納箱 | D85: 聚酯纖維麻收納箱/長方形/小 | E85: 4550512403432 | F85: 37 | G85: 26 | H85: 16 | L85: 聚酯纖維77%、亞麻23% | O85: N | P85: 229 | Q85: 2026-10-26 | R85: https://shop.muji.tw/SalePage/Index/8920880 | S85: 官網 | T85: high | U85: 布製可折疊；不可洗滌；採基準寸法可與層架組合；耐重10kg
A86: MUJI-085 | B86: MUJI | C86: 聚酯纖維麻收納箱 | D86: 聚酯纖維麻收納箱/長方形/中 | E86: 4550512403487 | F86: 37 | G86: 26 | H86: 26 | L86: 聚酯纖維77%、亞麻23% | O86: N | P86: 229 | Q86: 2026-10-26 | R86: https://shop.muji.tw/SalePage/Index/8920884 | S86: 官網 | T86: high | U86: 布製可折疊；不可洗滌；採基準寸法可與層架組合；耐重10kg
A87: MUJI-086 | B87: MUJI | C87: 聚酯纖維麻收納箱 | D87: 聚酯纖維麻收納箱/長方形/中/附蓋 | E87: 4550512428909 | F87: 37 | G87: 26 | H87: 26 | L87: 聚酯纖維77%、亞麻23% | O87: Y | P87: 329 | Q87: 2026-10-26 | R87: https://shop.muji.tw/SalePage/Index/8920893 | S87: 官網 | T87: high | U87: 布製可折疊；不可洗滌；採基準寸法可與層架組合；附蓋；耐重10kg
A88: MUJI-087 | B88: MUJI | C88: 聚酯纖維麻收納箱 | D88: 聚酯纖維麻收納箱/長方形/大 | E88: 4550512403449 | F88: 37 | G88: 26 | H88: 34 | L88: 聚酯纖維77%、亞麻23% | O88: N | P88: 329 | Q88: 2026-10-26 | R88: https://shop.muji.tw/SalePage/Index/8920897 | S88: 官網 | T88: high | U88: 布製可折疊；不可洗滌；採基準寸法可與層架組合；耐重10kg
A89: MUJI-088 | B89: MUJI | C89: 聚酯纖維麻收納箱 | D89: 聚酯纖維麻收納箱/正方形/小 | E89: 4550512403470 | F89: 35 | G89: 35 | H89: 16 | L89: 聚酯纖維77%、亞麻23% | O89: N | P89: 329 | Q89: 2026-10-26 | R89: https://shop.muji.tw/SalePage/Index/8920910 | S89: 官網 | T89: high | U89: 布製可折疊；不可洗滌；採基準寸法可與層架組合；耐重10kg
A90: MUJI-089 | B90: MUJI | C90: 聚酯纖維麻收納箱 | D90: 聚酯纖維麻收納箱/正方形/小/附蓋 | E90: 4550512403463 | F90: 35 | G90: 35 | H90: 16 | L90: 聚酯纖維77%、亞麻23% | O90: Y | P90: 329 | Q90: 2026-10-26 | R90: https://shop.muji.tw/SalePage/Index/8920911 | S90: 官網 | T90: high | U90: 布製可折疊；不可洗滌；採基準寸法可與層架組合；附蓋；耐重10kg
A91: MUJI-090 | B91: MUJI | C91: 聚酯纖維麻收納箱 | D91: 聚酯纖維麻收納箱/L | E91: 4550512403456 | F91: 35 | G91: 35 | H91: 32 | L91: 聚酯纖維77%、亞麻23% | O91: N | P91: 329 | Q91: 2026-10-26 | R91: https://shop.muji.tw/SalePage/Index/8920898 | S91: 官網 | T91: high | U91: 布製可折疊；不可洗滌；採基準寸法可與層架組合；耐重10kg
A92: MUJI-091 | B92: MUJI | C92: 聚酯纖維麻收納箱 | D92: 聚酯纖維麻收納箱/L/附蓋 | E92: 4550512403494 | F92: 35 | G92: 35 | H92: 32 | L92: 聚酯纖維77%、亞麻23% | O92: Y | P92: 479 | Q92: 2026-10-26 | R92: https://shop.muji.tw/SalePage/Index/8920883 | S92: 官網 | T92: high | U92: 布製可折疊；不可洗滌；採基準寸法可與層架組合；附蓋；耐重10kg
A93: MUJI-092 | B93: MUJI | C93: 聚酯纖維麻收納箱 | D93: 聚酯纖維麻收納箱/長方形/小/半 | E93: 4550512403517 | F93: 18.5 | G93: 26 | H93: 16 | L93: 聚酯纖維77%、亞麻23% | O93: N | P93: 179 | Q93: 2026-10-26 | R93: https://shop.muji.tw/SalePage/Index/8920895 | S93: 官網 | T93: high | U93: 布製可折疊；不可洗滌；採基準寸法可與層架組合；半=長方形款寬約一半；耐重10kg
A94: MUJI-093 | B94: MUJI | C94: 聚酯纖維麻收納箱 | D94: 聚酯纖維麻收納箱/長方形/中/半 | E94: 4550512428893 | F94: 18.5 | G94: 26 | H94: 26 | L94: 聚酯纖維77%、亞麻23% | O94: N | P94: 229 | Q94: 2026-10-26 | R94: https://shop.muji.tw/SalePage/Index/8920938 | S94: 官網 | T94: high | U94: 布製可折疊；不可洗滌；採基準寸法可與層架組合；耐重10kg
A95: MUJI-094 | B95: MUJI | C95: 聚酯纖維麻收納箱 | D95: 聚酯纖維麻收納箱/長方形/中/半/附蓋 | E95: 4550512403500 | F95: 18.5 | G95: 26 | H95: 26 | L95: 聚酯纖維77%、亞麻23% | O95: Y | P95: 329 | Q95: 2026-10-26 | R95: https://shop.muji.tw/SalePage/Index/8920950 | S95: 官網 | T95: high | U95: 布製可折疊；不可洗滌；採基準寸法可與層架組合；附蓋；耐重10kg
A96: MUJI-095 | B96: MUJI | C96: 聚酯纖維麻收納箱 | D96: 聚酯纖維麻收納箱/淺型/半 | E96: 4550512403548 | F96: 13 | G96: 37 | H96: 12 | L96: 聚酯纖維77%、亞麻23% | O96: N | P96: 179 | Q96: 2026-10-26 | R96: https://shop.muji.tw/SalePage/Index/8920906 | S96: 官網 | T96: high | U96: 布製可折疊；不可洗滌；採基準寸法可與層架組合；適合領帶、襪子、手帕；耐重3.5kg
A97: MUJI-096 | B97: MUJI | C97: 黃麻收納袋 | D97: 黃麻收納袋/長方形/小 | F97: 37 | G97: 26 | H97: 16 | L97: 黃麻 | O97: N | P97: 119 | Q97: 2026-10-26 | R97: https://shop.muji.tw/muji-journal/pdf/pdf/25AW-storage.pdf | S97: 型錄PDF | T97: medium | U97: 可摺疊收納袋；採基準寸法可與層架組合；網路商店查無，僅見於型錄P.34(貨號12831112)
A98: MUJI-097 | B98: MUJI | C98: 黃麻收納袋 | D98: 黃麻收納袋/長方形/中 | F98: 37 | G98: 26 | H98: 24 | L98: 黃麻 | O98: N | P98: 119 | Q98: 2026-10-26 | R98: https://shop.muji.tw/muji-journal/pdf/pdf/25AW-storage.pdf | S98: 型錄PDF | T98: medium | U98: 可摺疊；網路商店查無，僅見於型錄P.34(貨號12831082)
A99: MUJI-098 | B99: MUJI | C99: 黃麻收納袋 | D99: 黃麻收納袋/長方形/大 | F99: 37 | G99: 26 | H99: 35 | L99: 黃麻 | O99: N | P99: 119 | Q99: 2026-10-26 | R99: https://shop.muji.tw/muji-journal/pdf/pdf/25AW-storage.pdf | S99: 型錄PDF | T99: medium | U99: 可摺疊；網路商店查無，僅見於型錄P.34(貨號12831051)
A100: MUJI-099 | B100: MUJI | C100: 可堆疊竹材收納盒 | D100: 可堆疊竹材收納盒/大 | E100: 4550512047292 | F100: 37 | G100: 26 | H100: 24.5 | L100: 本體竹纖維、丙烯樹脂塗裝 | N100: Y | O100: N | P100: 890 | Q100: 2026-10-26 | R100: https://shop.muji.tw/SalePage/Index/11781913 | S100: 官網 | T100: high | U100: 天然素材，個體顏色形狀有差異；可堆疊2層；耐重15kg；另售可堆疊竹材收納盒用蓋(約37×26×2.5cm，390元)；品號KG0NJA2A
A101: MUJI-100 | B101: MUJI | C101: 可堆疊竹材收納盒 | D101: 可堆疊竹材收納盒/中 | E101: 4550512047308 | F101: 37 | G101: 26 | H101: 16.5 | L101: 本體竹纖維、丙烯樹脂塗裝 | N101: Y | O101: N | P101: 790 | Q101: 2026-10-26 | R101: https://shop.muji.tw/SalePage/Index/11781914 | S101: 官網 | T101: high | U101: 天然素材，個體顏色形狀有差異；可堆疊2層；耐重10kg；另售用蓋(390元)；品號KG0NKA2A
...

Sheet 收納配件
A1: 編號 | B1: 品牌 | C1: 類別 | D1: 品名 | E1: 商品編號 | F1: 最短cm | G1: 最長cm | H1: 寬cm | I1: 深cm | J1: 高cm | K1: 棒徑／線徑cm | L1: 耐重kg | M1: 安裝方式 | N1: 材質 | O1: 顏色 | P1: 售價NT$ | Q1: 查價日 | R1: 官網連結 | S1: 來源 | T1: 可信度 | U1: 官方建議用途 | V1: 備註
A2: MUJI-A001 | B2: MUJI | C2: 抽屜隔板 | D2: PP分隔板/大/4入 | E2: 4549738369622 | H2: 65.5 | I2: 0.2 | J2: 11 | M2: 免安裝 | N2: 聚苯乙烯樹脂(PS樹脂) | Q2: 2026-10-26 | R2: https://shop.muji.tw/SalePage/Index/8920955 | S2: 官網 | T2: high | U2: 可依所需間隔大小裁切、組合使用 | V2: SET:4549738369622|320|4|4;單片規格約寬65.5×深(厚)0.2×高11cm；品名雖為PP分隔板，官方材質標示為聚苯乙烯
A3: MUJI-A002 | B3: MUJI | C3: 抽屜隔板 | D3: PP分隔板/中/5入 | E3: 4549738369615 | H3: 36 | I3: 0.2 | J3: 7 | M3: 免安裝 | N3: 聚苯乙烯樹脂(PS樹脂) | Q3: 2026-10-26 | R3: https://shop.muji.tw/SalePage/Index/8920975 | S3: 官網 | T3: high | U3: 可依所需間隔大小裁切、組合使用 | V3: SET:4549738369615|180|5|5;單片規格約寬36×深(厚)0.2×高7cm；官方材質標示為聚苯乙烯
A4: MUJI-A003 | B4: MUJI | C4: 抽屜隔板 | D4: 可調整高度的不織布分隔袋/小/2入 | E4: 4550002110468 | H4: 11 | I4: 32.5 | J4: 21 | M4: 免安裝 | N4: 聚丙烯(不織布) | Q4: 2026-10-26 | R4: https://shop.muji.tw/SalePage/Index/8920989 | S4: 官網 | T4: high | U4: 適用各式收納用品的分隔袋，可反摺調整高度，也可用於天然素材收納用品 | V4: SET:4550002110468|260|2|2;單件W11×D32.5×H21cm；不可洗滌
A5: MUJI-A004 | B5: MUJI | C5: 抽屜隔板 | D5: 可調整高度的不織布分隔袋/中/2入 | E5: 4550002110475 | H5: 15 | I5: 32.5 | J5: 21 | M5: 免安裝 | N5: 聚丙烯(不織布) | Q5: 2026-10-26 | R5: https://shop.muji.tw/SalePage/Index/8920974 | S5: 官網 | T5: high | U5: 適用各式收納用品的分隔袋，可反摺調整高度，也可用於天然素材收納用品 | V5: SET:4550002110475|280|2|2;單件W15×D32.5×H21cm；網路商店於查詢日顯示已售完
A6: MUJI-A005 | B6: MUJI | C6: 抽屜隔板 | D6: 可調整高度的不織布分隔袋/大/2入 | E6: 4550002110482 | H6: 22.5 | I6: 32.5 | J6: 21 | M6: 免安裝 | N6: 聚丙烯(不織布) | Q6: 2026-10-26 | R6: https://shop.muji.tw/SalePage/Index/8920992 | S6: 官網 | T6: high | U6: 適用各式收納用品的分隔袋，可反摺調整高度；用於天然素材收納用品可防止衣物勾紗 | V6: SET:4550002110482|350|2|2;單件W22.5×D32.5×H21cm；網路商店於查詢日顯示已售完
A7: MUJI-A006 | B7: MUJI | C7: 抽屜隔板 | D7: PP抽屜整理盒用隔板(3) | E7: 4548718498000 | H7: 6.3 | I7: 0.25 | J7: 3 | M7: 嵌入式 | N7: 聚丙烯 | P7: 29 | Q7: 2026-10-26 | R7: https://shop.muji.tw/SalePage/Index/8917100 | S7: 官網 | T7: high | U7: PP抽屜整理盒專用隔板，採嵌入式設計，可依用途自行區隔大小 | V7: 官方規格「3×6.3×0.25cm」，依用途判讀為長6.3(填width)×厚0.25×高3；對應PP抽屜整理盒(3)(67×200×40mm)
A8: MUJI-A007 | B8: MUJI | C8: 抽屜隔板 | D8: PP抽屜整理盒用隔板(4) | E8: 4548718498017 | H8: 13 | I8: 0.25 | J8: 3 | M8: 嵌入式 | N8: 聚丙烯 | P8: 29 | Q8: 2026-10-26 | R8: https://shop.muji.tw/SalePage/Index/8917117 | S8: 官網 | T8: high | U8: PP抽屜整理盒專用隔板，採嵌入式設計，可依用途自行區隔大小 | V8: 官方規格「3×13×0.25cm」，依用途判讀為長13(填width)×厚0.25×高3；對應PP抽屜整理盒(4)(134×200×40mm)
A9: MUJI-A008 | B9: MUJI | C9: 抽屜隔板 | D9: 【零件】PP小物收納盒/3層用隔板 | E9: 4548718657063 | H9: 9.9 | I9: 9.1 | J9: 0.3 | M9: 嵌入式 | N9: 聚丙烯 | P9: 45 | Q9: 2026-10-26 | R9: https://shop.muji.tw/SalePage/Index/8919517 | S9: 官網 | T9: high | U9: PP小物收納盒/3層A4(貨號61164458)用隔板 | V9: 官方規格「9.9x9.1x0.3cm」，三值依原順序填入width/depth/height，方向未標示；對應的PP小物收納盒/3層本體在台灣網路商店查無
A10: MUJI-A009 | B10: MUJI | C10: 抽屜隔板 | D10: 【零件】聚丙烯小物收納盒/6層用分隔板 | E10: 4934761231259 | H10: 9.9 | I10: 3.8 | J10: 0.3 | M10: 嵌入式 | N10: 聚丙烯 | P10: 35 | Q10: 2026-10-26 | R10: https://shop.muji.tw/SalePage/Index/8919518 | S10: 官網 | T10: high | U10: 聚丙烯小物收納盒/6層(貨號61154909)用分隔板 | V10: 1入；官方規格「約9.9x3.8x0.3cm」，依原順序填入，方向未標示；對應本體在台灣網路商店查無
A11: MUJI-A010 | B11: MUJI | C11: 抽屜隔板 | D11: 聚苯乙烯分隔板.白灰.3分隔/大 | E11: 4550002856410 | H11: 27 | I11: 21 | J11: 16 | M11: 免安裝 | N11: 聚苯乙烯樹脂(PS樹脂) | O11: 白灰 | P11: 269 | Q11: 2026-10-26 | R11: https://shop.muji.tw/SalePage/Index/8916898 | S11: 官網 | T11: high | V11: 官方規格約270x210x160mm；3分隔，每分隔間距約83mm
A12: MUJI-A011 | B12: MUJI | C12: 抽屜隔板 | D12: 聚苯乙烯分隔板.白灰.3分隔/小 | E12: 4550002856427 | H12: 21 | I12: 13.5 | J12: 16 | M12: 免安裝 | N12: 聚苯乙烯樹脂(PS樹脂) | O12: 白灰 | P12: 199 | Q12: 2026-10-26 | R12: https://shop.muji.tw/SalePage/Index/8916929 | S12: 官網 | T12: high | V12: 官方規格約210x135x160mm；3分隔，每分隔間距約38mm；網路商店於查詢日顯示已售完
A13: MUJI-A012 | B13: MUJI | C13: 抽屜隔板 | D13: 鋼製分隔板.2分隔 | E13: 4550583767150 | H13: 8.6 | I13: 23 | J13: 11 | M13: 免安裝 | N13: 鋼(環氧樹脂粉體塗裝)、矽膠 | O13: 深灰 | P13: 690 | Q13: 2026-10-26 | R13: https://shop.muji.tw/SalePage/Index/10330664 | S13: 官網 | T13: high | U13: 收納用隔板，可放置書本、雜誌、筆記型電腦等；高度可與鋼製文具系列搭配 | V13: 官方規格約寬86×深230×高110mm；隔板間距約40mm；請勿堆疊或放重物
A14: MUJI-A013 | B14: MUJI | C14: 抽屜隔板 | D14: 鋼製書架隔板.小 | E14: 4550182603071 | H14: 10 | I14: 8 | J14: 10 | M14: 免安裝 | N14: 鋼 | P14: 79 | Q14: 2026-10-26 | R14: https://shop.muji.tw/SalePage/Index/8917007 | S14: 官網 | T14: high | U14: 書架隔板 | V14: 書擋型；官方規格10x8x10cm，依原順序填入
A15: MUJI-A014 | B15: MUJI | C15: 抽屜隔板 | D15: 鋼製書架隔板.中 | E15: 4550182603064 | H15: 12 | I15: 12 | J15: 17.5 | M15: 免安裝 | N15: 鋼 | P15: 99 | Q15: 2026-10-26 | R15: https://shop.muji.tw/SalePage/Index/8917030 | S15: 官網 | T15: high | U15: 書架隔板 | V15: 書擋型；官方規格12x12x17.5cm；網路商店於查詢日顯示已售完
A16: MUJI-A015 | B16: MUJI | C16: 抽屜隔板 | D16: 鋼製書架隔板.大 | E16: 4550182603057 | H16: 16 | I16: 15 | J16: 21 | M16: 免安裝 | N16: 鋼 | P16: 129 | Q16: 2026-10-26 | R16: https://shop.muji.tw/SalePage/Index/8916994 | S16: 官網 | T16: high | U16: 書架隔板 | V16: 書擋型；官方規格16x15x21cm；網路商店於查詢日顯示已售完
A17: MUJI-A016 | B17: MUJI | C17: 小型置物架 | D17: 壓克力隔板/26×17.5×10cm | E17: 4547315919833 | H17: 26 | I17: 17.5 | J17: 10 | M17: 免安裝 | N17: 丙烯系樹脂(壓克力) | O17: 透明 | P17: 219 | Q17: 2026-10-26 | R17: https://shop.muji.tw/SalePage/Index/8916974 | S17: 官網 | T17: high | U17: 用途多元的隔板，可用於分隔或擺放物品 | V17: ㄈ型層板加高架
A18: MUJI-A017 | B18: MUJI | C18: 小型置物架 | D18: 壓克力隔板/26×17.5×16cm | E18: 4547315919840 | H18: 26 | I18: 17.5 | J18: 16 | M18: 免安裝 | N18: 丙烯系樹脂(壓克力) | O18: 透明 | P18: 269 | Q18: 2026-10-26 | R18: https://shop.muji.tw/SalePage/Index/8916992 | S18: 官網 | T18: high | U18: 用途多元的隔板，可用於分隔或擺放物品 | V18: ㄈ型層板加高架
A19: MUJI-A018 | B19: MUJI | C19: 小型置物架 | D19: 不鏽鋼廚房立架 | E19: 4550344902394 | H19: 10 | I19: 20.5 | J19: 15 | M19: 免安裝 | N19: 18-8不鏽鋼 | P19: 300 | Q19: 2026-10-26 | R19: https://shop.muji.tw/SalePage/Index/8918348 | S19: 官網 | T19: high | U19: 收納餐具或砧板，瓶子或鍋蓋也可同時擺放 | V19: 請勿拖拉本體以免損傷洗碗槽
A20: MUJI-A019 | B20: MUJI | C20: 小型置物架 | D20: 相思木立架/不鏽鋼收納籃用 | E20: 4550584437083 | H20: 43 | I20: 31.5 | J20: 39.5 | L20: 5 | M20: 免安裝 | N20: 天然木(相思木) | P20: 890 | Q20: 2026-10-26 | R20: https://shop.muji.tw/SalePage/Index/10653130 | S20: 官網 | T20: high | U20: 可與不鏽鋼收納籃組合的立架(收納籃需另購) | V20: 耐重最大5kg，勿單側放置；品號PA12JJ5S
A21: MUJI-A020 | B21: MUJI | C21: 小型置物架 | D21: 不鏽鋼海綿架/吸盤式 | E21: 4550584794520 | H21: 6 | I21: 5 | J21: 7 | M21: 吸盤 | N21: 18-8不鏽鋼、吸盤:聚氯乙烯樹脂 | P21: 180 | Q21: 2026-10-26 | R21: https://shop.muji.tw/SalePage/Index/11580248 | S21: 官網 | T21: high | U21: 利用吸盤吸附於洗碗槽等平滑表面上 | V21: 品號MC13FA5S
A22: MUJI-A021 | B22: MUJI | C22: 掛勾 | D22: S掛鉤/防橫搖型/小/2入 | E22: 4549738755616 | H22: 5 | I22: 1 | J22: 9.5 | M22: 掛勾 | N22: 18-8不鏽鋼 | Q22: 2026-10-26 | R22: https://shop.muji.tw/SalePage/Index/8918240 | S22: 官網 | T22: high | U22: 用於懸掛小物 | V22: SET:4549738755616|140|2|2;單件約5×1×9.5cm；適用直徑2~3.5cm的橫桿；不易左右搖晃
A23: MUJI-A022 | B23: MUJI | C23: 掛勾 | D23: S掛鉤/防橫搖型/大/2入/7A | E23: 4549738755609 | H23: 7 | I23: 1.5 | J23: 14 | M23: 掛勾 | N23: 18-8不鏽鋼 | Q23: 2026-10-26 | R23: https://shop.muji.tw/SalePage/Index/8918252 | S23: 官網 | T23: high | U23: 用於懸掛小物 | V23: SET:4549738755609|260|2|2;單件約7×1.5×14cm；適用直徑3~5cm的橫桿；網路商店於查詢日顯示已售完
A24: MUJI-A023 | B24: MUJI | C24: 掛勾 | D24: 掛鉤/防橫搖型/小/3入 | E24: 4549738755630 | M24: 掛勾 | N24: 18-8不鏽鋼 | Q24: 2026-10-26 | R24: https://shop.muji.tw/SalePage/Index/8918231 | S24: 官網 | T24: high | V24: SET:4549738755630|130|3|3;最大可固定於直徑7.5mm的圓形桿；官方規格「約直徑1*2.5mm」意義不明，尺寸欄留空；網路商店於查詢日顯示已售完
A25: MUJI-A024 | B25: MUJI | C25: 掛勾 | D25: 掛鉤/防橫搖型/大/2入 | E25: 4549738755623 | M25: 掛勾 | N25: 18-8不鏽鋼 | Q25: 2026-10-26 | R25: https://shop.muji.tw/SalePage/Index/8918234 | S25: 官網 | T25: high | V25: SET:4549738755623|130|2|2;最大可固定於直徑14.5mm的圓形桿；官方規格「約直徑1.5×2.5cm」意義不明，尺寸欄留空；網路商店於查詢日顯示已售完
A26: MUJI-A025 | B26: MUJI | C26: 掛勾 | D26: 掛鉤/防橫搖型/長型 | E26: 4550584835797 | H26: 1.5 | I26: 6.5 | J26: 25 | L26: 2 | M26: 掛勾 | N26: 18-8不鏽鋼(電解拋光) | P26: 110 | Q26: 2026-10-26 | R26: https://shop.muji.tw/SalePage/Index/12052444 | S26: 官網 | T26: high | U26: 可上下掛用，有效利用空間 | V26: 適用直徑18mm以內的桿子；品號MAJ27A5S；網路商店於查詢日顯示已售完
A27: MUJI-A026 | B27: MUJI | C27: 掛勾 | D27: 鋁製S掛鉤/小 | E27: 4550182932386 | H27: 3 | J27: 5.5 | L27: 4 | M27: 掛勾 | N27: 鋁合金 | Q27: 2026-10-26 | R27: https://shop.muji.tw/SalePage/Index/8918274 | S27: 官網 | T27: high | V27: SET:4550182932386|50|3|3;單件約寬3×高5.5cm；可吊掛直徑約1.5cm圓柱形橫桿；耐重約4kg(官方未說明為單件或整組)
A28: MUJI-A027 | B28: MUJI | C28: 掛勾 | D28: 鋁製S掛鉤/中 | E28: 4550182932379 | H28: 4 | J28: 8.5 | L28: 4 | M28: 掛勾 | N28: 鋁合金 | Q28: 2026-10-26 | R28: https://shop.muji.tw/SalePage/Index/8918257 | S28: 官網 | T28: high | V28: SET:4550182932379|50|2|2;單件約寬4×高8.5cm；可吊掛直徑約2.5cm圓柱形橫桿；耐重約4kg(官方未說明為單件或整組)
A29: MUJI-A028 | B29: MUJI | C29: 掛勾 | D29: 鋁製S掛鉤/大 | E29: 4550182932362 | H29: 5.5 | J29: 11 | L29: 4 | M29: 掛勾 | N29: 鋁合金 | P29: 50 | Q29: 2026-10-26 | R29: https://shop.muji.tw/SalePage/Index/8918276 | S29: 官網 | T29: high | V29: 1入；約寬5.5×高11cm；可吊掛直徑約3cm圓柱形橫桿；耐重約4kg；網路商店於查詢日顯示已售完
A30: MUJI-A029 | B30: MUJI | C30: 掛勾 | D30: 不鏽鋼掛鉤/門用 | E30: 4549738755593 | H30: 3.5 | I30: 6 | J30: 6 | L30: 1 | M30: 掛門 | N30: 18-8不鏽鋼 | P30: 80 | Q30: 2026-10-26 | R30: https://shop.muji.tw/SalePage/Index/8918250 | S30: 官網 | T30: high | U30: 不需釘子或螺絲即可嵌入固定於門板上 | V30: 網路商店於查詢日顯示已售完
A31: MUJI-A030 | B31: MUJI | C31: 掛勾 | D31: 不鏽鋼掛鉤/門用/2連 | E31: 4550583923556 | H31: 6.5 | I31: 5.5 | J31: 6 | L31: 1 | M31: 掛門 | N31: 18-8不鏽鋼 | P31: 90 | Q31: 2026-10-26 | R31: https://shop.muji.tw/SalePage/Index/11863282 | S31: 官網 | T31: high | U31: 廚房、洗手台水槽櫃門用掛鉤，可掛毛巾或抹布 | V31: 適用厚度21mm以下的櫃門；耐重1kg(單邊500g)；品號MAJ13A4S；網路商店於查詢日顯示已售完
A32: MUJI-A031 | B32: MUJI | C32: 掛勾 | D32: 不鏽鋼雙頭S掛鉤/2連 | E32: 4550583923563 | H32: 6.5 | I32: 4.5 | J32: 6.5 | L32: 1 | M32: 掛勾 | N32: 18-8不鏽鋼 | P32: 90 | Q32: 2026-10-26 | R32: https://shop.muji.tw/SalePage/Index/10391413 | S32: 官網 | T32: high | U32: 可依吊掛物品或位置調整方向，用於吊掛小型物品或配件 | V32: 適合吊掛在直徑21mm或5mm的管線上；耐重約1kg(單邊約0.5kg)；網路商店於查詢日顯示已售完
A33: MUJI-A032 | B33: MUJI | C33: 掛勾 | D33: 不鏽鋼瓶用掛鉤/瀝水籃專用 | E33: 4550583923495 | H33: 3.5 | I33: 7 | J33: 13.5 | L33: 0.5 | M33: 掛勾 | N33: 18-8不鏽鋼 | P33: 90 | Q33: 2026-10-26 | R33: https://shop.muji.tw/SalePage/Index/10391411 | S33: 官網 | T33: high | U33: 掛在不鏽鋼瀝水籃上，用於晾乾清洗後的瓶罐和玻璃杯 | V33: 用於直徑5mm以下的管線
A34: MUJI-A033 | B34: MUJI | C34: 掛勾 | D34: 不鏽鋼絲夾/掛鉤式/4入/7A | E34: 4549738755586 | H34: 2 | I34: 5.5 | J34: 9.5 | M34: 掛勾 | N34: 18-8不鏽鋼 | Q34: 2026-10-26 | R34: https://shop.muji.tw/SalePage/Index/8918185 | S34: 官網 | T34: high | U34: 勾在桿上使用，懸吊食譜、抹布、橡膠手套等物品 | V34: SET:4549738755586|119|4|4;單件約寬2×深5.5×高9.5cm
A35: MUJI-A034 | B35: MUJI | C35: 掛勾 | D35: 旅行用S鉤 | E35: 4550002547431 | H35: 5 | J35: 9 | M35: 掛勾 | N35: POM樹脂 | O35: 淺灰 | P35: 140 | Q35: 2026-10-26 | R35: https://shop.muji.tw/SalePage/Index/8920758 | S35: 官網 | T35: high | U35: 旅行中吊掛物品；呈O型時可與鑰匙環、收納袋等連結 | V35: 官方規格「黑.約50x90mm」，與品名「淺灰」顏色不一致，color依品名
A36: MUJI-A035 | B36: MUJI | C36: 掛勾 | D36: 壁掛家具/掛鉤 | E36: 4550344162323/4550344162378 | H36: 4 | I36: 6 | J36: 8 | L36: 2 | M36: 壁掛(石膏板牆，無提供鑽牆螺絲) | N36: 天然木(橡木/胡桃木)、聚苯乙烯樹脂 | O36: 橡木/胡桃木 | P36: 300 | Q36: 2026-10-26 | R36: https://shop.muji.tw/SalePage/Index/8916062 | S36: 官網 | T36: high | U36: 可當帽架或外套掛勾(胡桃木款說明) | V36: 橡木款300元(JAN 4550344162323，SalePage 8916062)；胡桃木款350元(JAN 4550344162378，SalePage 12209053)；胡桃木款官方規格「長40×深60×高80mm」
A37: MUJI-A036 | B37: MUJI | C37: 掛勾 | D37: 壁掛家具/三連掛鉤/44cm | E37: 4550344504840/4550344504956 | H37: 44 | I37: 2.5 | J37: 10 | L37: 5 | M37: 壁掛(石膏板牆，無提供鑽牆螺絲) | N37: 天然木質裝飾單板貼面纖維板、天然木掛鉤 | O37: 橡木/胡桃木 | P37: 1190 | Q37: 2026-10-26 | R37: https://shop.muji.tw/SalePage/Index/12209056 | S37: 官網 | T37: high | U37: 適合用來掛帽子或外套 | V37: 耐重整體5kg、單個掛鉤2kg；官方規格「長440×深25×高100mm」；胡桃木款SalePage 12209059
A38: MUJI-A037 | B38: MUJI | C38: 吊掛收納 | D38: 不鏽鋼掛門式收納/毛巾用橫桿/大 | E38: 4550583923440 | H38: 37.5 | I38: 7.5 | J38: 5.5 | L38: 5 | M38: 掛門 | N38: 18-8不鏽鋼、墊片:發泡EVA | P38: 210 | Q38: 2026-10-26 | R38: https://shop.muji.tw/SalePage/Index/10391409 | S38: 官網 | T38: high | U38: 掛在廚房或浴室水槽門上的毛巾架 | V38: 可掛在厚度21mm以下的門上；耐熱80℃
A39: MUJI-A038 | B39: MUJI | C39: 吊掛收納 | D39: 不鏽鋼掛門式收納/毛巾用橫桿/小 | E39: 4550583923457 | H39: 20.5 | I39: 7.5 | J39: 5.5 | L39: 3 | M39: 掛門 | N39: 18-8不鏽鋼、墊片:發泡EVA | P39: 170 | Q39: 2026-10-26 | R39: https://shop.muji.tw/SalePage/Index/10391410 | S39: 官網 | T39: high | U39: 掛在廚房或浴室水槽門上的毛巾架 | V39: 可掛在厚度21mm以下的門上；耐熱80℃；網路商店於查詢日顯示已售完
A40: NITORI-A001 | B40: NITORI | C40: 伸縮棒 | D40: 極粗伸縮桿 NT 120-200cm | E40: 7450822 | F40: 120 | G40: 200 | K40: 2.2 | L40: 4 | M40: 伸縮撐壓 | N40: 鋼 | O40: 白色 | P40: 179 | Q40: 2026-10-26 | R40: https://www.nitori-net.tw/product/7450822 | S40: 官網 | T40: high | V40: 直徑19mm/22mm（細管/粗管）；mount依官網「耐重會因牆壁材質、伸縮長度、旋轉鬆緊度（撐緊力道）而有差異」判定為撐壓式；分類頁品名標示70-120cm，但線上僅見120-200cm規格；價格：查詢日售價179（原價199）
A41: NITORI-A002 | B41: NITORI | C41: 伸縮棒 | D41: 伸縮門簾桿 NT-5 25-40cm | E41: 7450826 | F41: 25 | G41: 40 | K41: 1.35 | L41: 3 | M41: 伸縮撐壓 | N41: 鋼 | O41: 白色 | P41: 39 | Q41: 2026-10-26 | R41: https://www.nitori-net.tw/product/7450826 | S41: 官網 | T41: high | U41: 吊掛布簾 | V41: 直徑10.4mm/13.5mm；mount依官網「耐重會因牆壁材質、伸縮長度、旋轉鬆緊度（撐緊力道）而有差異」判定為撐壓式
A42: NITORI-A003 | B42: NITORI | C42: 伸縮棒 | D42: 伸縮門簾桿 NT-5 40-70cm | E42: 7450827 | F42: 40 | G42: 70 | K42: 1.35 | L42: 2.5 | M42: 伸縮撐壓 | N42: 鋼 | O42: 白色 | P42: 49 | Q42: 2026-10-26 | R42: https://www.nitori-net.tw/product/7450827 | S42: 官網 | T42: high | U42: 吊掛布簾 | V42: 直徑10.4mm/13.5mm；mount依官網「耐重會因牆壁材質、伸縮長度、旋轉鬆緊度（撐緊力道）而有差異」判定為撐壓式
A43: NITORI-A004 | B43: NITORI | C43: 伸縮棒 | D43: 伸縮門簾桿 NT-5 120-200cm | E43: 7450829/7450838 | F43: 120 | G43: 200 | K43: 1.35 | L43: 1 | M43: 伸縮撐壓 | N43: 鋼 | O43: 白色/褐色 | P43: 119 | Q43: 2026-10-26 | R43: https://www.nitori-net.tw/product/7450829 | S43: 官網 | T43: high | U43: 吊掛布簾 | V43: 直徑10.4mm/13.5mm；mount依官網「耐重會因牆壁材質、伸縮長度、旋轉鬆緊度（撐緊力道）而有差異」判定為撐壓式；價格：褐色 109元
A44: NITORI-A005 | B44: NITORI | C44: 伸縮棒 | D44: 伸縮門簾桿 NT-6 40-70 | E44: 2114100279568/2114100279605 | F44: 40 | G44: 70 | K44: 1.35 | L44: 2.5 | M44: 伸縮撐壓 | N44: 鋼、聚氯乙烯 | O44: 中褐色/灰色 | P44: 69 | Q44: 2026-10-26 | R44: https://www.nitori-net.tw/product/2114100279568 | S44: 官網 | T44: high | U44: 房間隔間；衣櫥等收納空間遮擋 | V44: 桿徑13.5mm(最大直徑)；mount依官網「耐重會因牆壁材質、伸縮長度、旋轉鬆緊度（撐緊力道）而有差異」判定為撐壓式
A45: NITORI-A006 | B45: NITORI | C45: 伸縮棒 | D45: 伸縮門簾桿 NT-6 70-120 | E45: 2114100279612 | F45: 70 | G45: 120 | K45: 1.35 | L45: 2 | M45: 伸縮撐壓 | N45: 鋼 | O45: 灰色 | P45: 79 | Q45: 2026-10-26 | R45: https://www.nitori-net.tw/product/2114100279612 | S45: 官網 | T45: high | V45: 桿徑13.5mm(最大直徑)；mount依官網「耐重會因牆壁材質、伸縮長度、旋轉鬆緊度（撐緊力道）而有差異」判定為撐壓式
A46: NITORI-A007 | B46: NITORI | C46: 伸縮棒 | D46: 浴室支撐吊桿 1.2M-2M | E46: 7710665 | F46: 120 | G46: 200 | M46: 伸縮撐壓 | N46: 不鏽鋼 | O46: 白色 | P46: 299 | Q46: 2026-10-26 | R46: https://www.nitori-net.tw/product/7710665 | S46: 官網 | T46: high | U46: 安裝浴簾 | V46: 官網：耐重會依牆壁材質、使用長度而改變（未標數值）
A47: NITORI-A008 | B47: NITORI | C47: 伸縮棒 | D47: (網購限定)伸縮曬衣桿 掛衣桿 晾衣桿 170-280 HA02(EC) | E47: 8542104 | F47: 170 | G47: 280 | K47: 3 | M47: 伸縮撐壓 | N47: 鋼、ABS樹脂 | O47: 純白色 | P47: 349 | Q47: 2026-10-26 | R47: https://www.nitori-net.tw/product/8542104 | S47: 官網 | T47: high | V47: 耐重依長度：安裝寬度170cm時最高約15kg、280cm時最高約8kg；官網：以強力撐住牆面方式安裝，限水平使用
A48: NITORI-A009 | B48: NITORI | C48: 伸縮棒 | D48: (網購限定)伸縮曬衣桿 掛衣桿 晾衣桿 HW04(EC) | E48: 2112200002482 | F48: 120 | G48: 220 | K48: 2.5 | M48: 置於承托架 | N48: 鋁合金、ABS樹脂、聚氯乙烯 | O48: 白色 | P48: 299 | Q48: 2026-10-26 | R48: https://www.nitori-net.tw/product/2112200002482 | S48: 官網 | T48: high | V48: 管徑：伸縮部22mm、粗管25mm；官網：兩端須伸出衣架承托架外側；僅限室內使用；耐重未標示
A49: NITORI-A010 | B49: NITORI | C49: 伸縮棒 | D49: (網購限定)伸縮曬衣桿 1.4-2.5M(EC) | E49: 8540141 | F49: 140 | G49: 250 | K49: 2.5 | L49: 14 | N49: 鋼、不鏽鋼、ABS樹酯 | O49: 銀色 | P49: 149 | Q49: 2026-10-26 | R49: https://www.nitori-net.tw/product/8540141 | S49: 官網 | T49: high | V49: 管徑：細管22mm、粗管25mm；兩端可伸縮；安裝方式官網未說明
A50: NITORI-A011 | B50: NITORI | C50: 伸縮棒 | D50: (網購限定)附掛勾伸縮曬衣桿 1.4-2.5m(EC) | E50: 8540143 | F50: 140 | G50: 250 | K50: 2.5 | L50: 14 | N50: 鋼、ABS樹脂 | O50: 銀色 | P50: 199 | Q50: 2026-10-26 | R50: https://www.nitori-net.tw/product/8540143 | S50: 官網 | T50: high | V50: 附衣架掛勾；管徑：細管22mm、粗管25mm；安裝方式官網未說明
A51: NITORI-A012 | B51: NITORI | C51: 伸縮棒 | D51: (網購限定)伸縮曬衣桿 2.8-4m(EC) | E51: 8540145 | F51: 280 | G51: 400 | K51: 2.9 | L51: 8 | N51: 鋼、ABS樹脂 | O51: 銀色 | P51: 199 | Q51: 2026-10-26 | R51: https://www.nitori-net.tw/product/8540145 | S51: 官網 | T51: high | V51: 管徑：細管25mm、粗管29mm；單側可伸縮；安裝方式官網未說明
A52: NITORI-A013 | B52: NITORI | C52: 伸縮棒 | D52: (網購限定)附掛勾伸縮曬衣桿 2.8-4m(EC) | E52: 8540146 | F52: 280 | G52: 400 | K52: 2.9 | L52: 8 | N52: 鋼、ABS樹脂 | O52: 銀色 | P52: 299 | Q52: 2026-10-26 | R52: https://www.nitori-net.tw/product/8540146 | S52: 官網 | T52: high | V52: 附衣架掛勾；管徑：細管25mm、粗管29mm；安裝方式官網未說明
A53: NITORI-A014 | B53: NITORI | C53: 伸縮棒 | D53: (網購限定)鋁製伸縮曬衣桿 1.4-2.5M(EC) | E53: 8540147 | F53: 140 | G53: 250 | K53: 2.5 | L53: 8 | N53: 鋁合金、ABS樹脂 | O53: 銀色 | P53: 199 | Q53: 2026-10-26 | R53: https://www.nitori-net.tw/product/8540147 | S53: 官網 | T53: high | V53: 管徑：細管22mm、粗管25mm；安裝方式官網未說明
A54: NITORI-A015 | B54: NITORI | C54: 伸縮棒 | D54: (網購限定)鋁製伸縮曬衣桿 2.8-4M(EC) | E54: 8540148 | F54: 280 | G54: 400 | K54: 2.9 | L54: 8 | N54: 鋁合金、ABS樹脂 | O54: 銀色 | P54: 299 | Q54: 2026-10-26 | R54: https://www.nitori-net.tw/product/8540148 | S54: 官網 | T54: high | V54: 管徑：細管25mm、粗管29mm；安裝方式官網未說明
A55: NITORI-A016 | B55: NITORI | C55: 伸縮層架 | D55: (網購限定)伸縮桿寬型層架 置物架 PW118-190(EC) | E55: 8542078 | F55: 118 | G55: 190 | I55: 34 | J55: 8.8 | N55: 鋼、ABS樹脂 | O55: 白色 | P55: 699 | Q55: 2026-10-26 | R55: https://www.nitori-net.tw/product/8542078 | S55: 官網 | T55: high | V55: 耐重依長度：安裝寬度118cm時最高約20kg、190cm時最高約10kg；可滑動層板；有高低差牆面也可安裝；高度取自規格欄；安裝方式官網未明述
A56: NITORI-A017 | B56: NITORI | C56: 伸縮層架 | D56: (網購限定)伸縮寬型收納架 HA03 6595(EC) | E56: 8540164 | F56: 65 | G56: 95 | I56: 32 | J56: 3.2 | L56: 10 | M56: 伸縮撐壓 | N56: 鋼 | O56: 純白色 | P56: 399 | Q56: 2026-10-26 | R56: https://www.nitori-net.tw/product/8540164 | S56: 官網 | T56: high | V56: 官網：採強力撐桿方式固定，限水平安裝；高度取自規格欄
A57: NITORI-A018 | B57: NITORI | C57: 伸縮層架 | D57: (網購限定)壁櫥收納架 伸縮收納架 橫向伸縮 CHS(EC) | E57: 8440307 | F57: 74 | G57: 108 | I57: 37 | J57: 35 | L57: 10 | M57: 免安裝 | N57: 聚丙烯 | O57: 純白色 | P57: 399 | Q57: 2026-10-26 | R57: https://www.nitori-net.tw/product/8440307 | S57: 官網 | T57: high | V57: 高度30/35cm兩段調整，內部高26.5/31.5cm；整體耐重；落地放置（腳座接觸地面）；僅高度30cm時可堆疊
A58: NITORI-A019 | B58: NITORI | C58: 伸縮層架 | D58: (網購限定)壁櫥收納架 伸縮收納架 縱向伸縮 CHS(EC) | E58: 8440308 | F58: 74 | G58: 108 | I58: 37 | J58: 76 | L58: 10 | M58: 免安裝 | N58: 聚丙烯 | O58: 純白色 | P58: 499 | Q58: 2026-10-26 | R58: https://www.nitori-net.tw/product/8440308 | S58: 官網 | T58: high | U58: 可容納2個單人尺寸棉被（疊放） | V58: 高度可調48~76cm（內部44.5~72.5cm），height填最大值；整體耐重；落地放置；可與另售可伸縮附輪收納架CH2c01疊加
A59: NITORI-A020 | B59: NITORI | C59: 伸縮層架 | D59: 【DECO HOME商品】可調式伸縮收納架 29-45 CL01 | E59: 5850511 | F59: 29 | G59: 45 | I59: 32 | J59: 31 | L59: 5 | N59: 聚丙烯、聚苯乙烯、鋼 | O59: 摩卡色 | P59: 349 | Q59: 2026-10-26 | R59: https://www.nitori-net.tw/product/5850511 | S59: 官網 | T59: high | V59: 層板位置4段調整
A60: NITORI-A021 | B60: NITORI | C60: 伸縮層架 | D60: 【DECO HOME商品】可調式伸縮收納架 46-75 CL01 | E60: 5850512 | F60: 46 | G60: 75 | I60: 32 | J60: 31 | L60: 5 | N60: 聚丙烯、聚苯乙烯、鋼 | O60: 摩卡色 | P60: 399 | Q60: 2026-10-26 | R60: https://www.nitori-net.tw/product/5850512 | S60: 官網 | T60: high | V60: 層板位置4段調整；框架厚約1.5cm；價格：查詢日售價399（原價449）
A61: NITORI-A022 | B61: NITORI | C61: 伸縮層架 | D61: (網購限定)伸縮微波爐置物架 MG-4464(EC) | E61: 2111200008197/2111200008203 | F61: 45.2 | G61: 65.2 | I61: 36.2 | J61: 42.5 | L61: 5 | N61: 鋼、ABS | O61: 白色/黑色 | P61: 649 | Q61: 2026-10-26 | R61: https://www.nitori-net.tw/product/2111200008197 | S61: 官網 | T61: high | V61: 耐重為本體；保鮮膜收納架每層0.5kg；寬度含保鮮膜收納架；白色規格欄深36公分
A62: NITORI-A023 | B62: NITORI | C62: 小型置物架 | D62: 伸縮廚房收納架 WH | E62: 8987549 | F62: 33.5 | G62: 57.5 | I62: 24 | J62: 14.5 | L62: 8 | N62: 鋼 | O62: 白色 | P62: 349 | Q62: 2026-10-26 | R62: https://www.nitori-net.tw/product/8987549 | S62: 官網 | T62: high | V62: 整體耐重；尺寸取自說明欄（規格欄誤植寬6）
A63: NITORI-A024 | B63: NITORI | C63: 小型置物架 | D63: 伸縮廚房收納架 WH SLIM | E63: 8987548 | F63: 33.5 | G63: 57.5 | I63: 16 | J63: 14.5 | L63: 8 | N63: 鋼 | O63: 白色 | P63: 299 | Q63: 2026-10-26 | R63: https://www.nitori-net.tw/product/8987548 | S63: 官網 | T63: high | V63: 整體耐重；尺寸取自說明欄
A64: NITORI-A025 | B64: NITORI | C64: 小型置物架 | D64: 【DECO HOME商品】可調式伸縮收納架 YI52 | E64: 5898478 | F64: 46 | G64: 72 | I64: 24.5 | J64: 15 | M64: 免安裝 | N64: 鋼 | O64: 摩卡色 | P64: 249 | Q64: 2026-10-26 | R64: https://www.nitori-net.tw/product/5898478 | S64: 官網 | T64: medium | U64: 可放置於水槽上下 | V64: 伸縮使用時須重疊2片以上層架；規格欄高14.5、說明欄高15，此列依說明欄
A65: NITORI-A026 | B65: NITORI | C65: 小型置物架 | D65: 可調整洗手台下方置架 CH01 | E65: 2112100013717 | F65: 44 | G65: 75 | I65: 48 | J65: 31 | L65: 10 | N65: 聚丙烯、鋼鐵 | O65: 白色 | P65: 399 | Q65: 2026-10-26 | R65: https://www.nitori-net.tw/product/2112100013717 | S65: 官網 | T65: high | V65: 深度可伸縮32~48cm（depth填最大值）；高度28/31cm兩段調整
A66: NITORI-A027 | B66: NITORI | C66: 小型置物架 | D66: 伸縮式洗滌槽置架 深型 | E66: 8987521 | F66: 40 | G66: 56 | I66: 22.5 | J66: 13.5 | N66: 不鏽鋼 | O66: 銀色 | P66: 314 | Q66: 2026-10-26 | R66: https://www.nitori-net.tw/product/8987521 | S66: 官網 | T66: high | V66: 尺寸取自說明欄（規格欄誤植寬4）；價格：查詢日售價314（原價349）
A67: NITORI-A028 | B67: NITORI | C67: 小型置物架 | D67: 伸縮式洗滌槽置架 深型 SLIM | E67: 8987823 | F67: 42 | G67: 56 | I67: 15 | J67: 12.5 | N67: 不鏽鋼 | O67: 銀色 | P67: 269 | Q67: 2026-10-26 | R67: https://www.nitori-net.tw/product/8987823 | S67: 官網 | T67: high | V67: 價格：查詢日售價269（原價299）
A68: NITORI-A029 | B68: NITORI | C68: 小型置物架 | D68: 伸縮式洗滌槽置架 深型 WIDE | E68: 8987824 | F68: 42 | G68: 56 | I68: 29.5 | J68: 12.5 | N68: 不鏽鋼 | O68: 銀色 | P68: 359 | Q68: 2026-10-26 | R68: https://www.nitori-net.tw/product/8987824 | S68: 官網 | T68: high | V68: 價格：查詢日售價359（原價399）
A69: NITORI-A030 | B69: NITORI | C69: 小型置物架 | D69: 【DECO HOME商品】水槽伸縮置架 | E69: 5898749 | F69: 46 | G69: 70 | I69: 17 | J69: 1.8 | L69: 4 | N69: 不鏽鋼、聚丙烯 | O69: 銀色 | P69: 279 | Q69: 2026-10-26 | R69: https://www.nitori-net.tw/product/5898749 | S69: 官網 | T69: high | U69: 水槽（適用水槽寬度40~65cm） | V69: 耐熱90℃；高度取自規格欄
A70: NITORI-A031 | B70: NITORI | C70: 小型置物架 | D70: (網購限定)水槽伸縮式置架 H502(EC) | E70: 8987986 | F70: 46 | G70: 71 | I70: 17 | J70: 2 | L70: 3 | M70: 螺絲 | N70: 不鏽鋼、聚丙烯 | O70: 銀色 | P70: 179 | Q70: 2026-10-26 | R70: https://www.nitori-net.tw/product/8987986 | S70: 官網 | T70: high | U70: 瀝水（適用水槽內寬40~65cm） | V70: 固定於水槽時以螺絲鎖緊滑軌；高度取自規格欄
A71: NITORI-A032 | B71: NITORI | C71: 小型置物架 | D71: 水槽伸縮置物籃 koukinn H504 | E71: 8987987 | G71: 68 | I71: 16 | J71: 9 | N71: 不鏽鋼 聚丙烯 | O71: 銀色 | P71: 239 | Q71: 2026-10-26 | R71: https://www.nitori-net.tw/product/8987987 | S71: 官網 | T71: medium | V71: 官網無說明文字；伸縮最短長度未標示，length_max取自規格欄寬68
A72: NITORI-A033 | B72: NITORI | C72: 小型置物架 | D72: 【DECO HOME商品】伸縮式洗手台置架 SU01(DH) | E72: 2112100004326 | F72: 15 | G72: 25 | I72: 8 | J72: 10.1 | L72: 2 | N72: 鋼、矽膠 | O72: 淺摩卡色 | P72: 239 | Q72: 2026-10-26 | R72: https://www.nitori-net.tw/product/2112100004326 | S72: 官網 | T72: high
A73: NITORI-A034 | B73: NITORI | C73: 小型置物架 | D73: 冰箱用整理架 S 淺型 W120 窄淺型 | E73: 8920432 | H73: 13 | I73: 30 | J73: 6 | L73: 1 | N73: AS樹脂 | O73: 透明 | P73: 119 | Q73: 2026-10-26 | R73: https://www.nitori-net.tw/product/8920432 | S73: 官網 | T73: medium | V73: 耐熱90℃/耐冷-20℃；此SKU上架狀態碼與其他規格不同，可能暫停販售；亦含於冰箱用整理收納6件組
A74: NITORI-A035 | B74: NITORI | C74: 小型置物架 | D74: 冰箱用整理架 S 深型 W120 窄深型 | E74: 8920433 | H74: 13 | I74: 30 | J74: 11 | L74: 1 | N74: AS樹脂 | O74: 透明 | P74: 149 | Q74: 2026-10-26 | R74: https://www.nitori-net.tw/product/8920433 | S74: 官網 | T74: high | V74: 耐熱90℃/耐冷-20℃；亦含於冰箱用整理收納6件組
A75: NITORI-A036 | B75: NITORI | C75: 小型置物架 | D75: 冰箱用整理架 M 深型 W240 寬深型 | E75: 8920435 | H75: 25 | I75: 30 | J75: 11 | L75: 1 | N75: AS樹脂 | O75: 透明 | P75: 199 | Q75: 2026-10-26 | R75: https://www.nitori-net.tw/product/8920435 | S75: 官網 | T75: high | V75: 耐熱90℃/耐冷-20℃
A76: NITORI-A037 | B76: NITORI | C76: 小型置物架 | D76: 堆疊收納架 CL N BRANC | E76: 2111200005622 | H76: 27 | I76: 20 | J76: 8.4 | L76: 3 | N76: PET塑膠 | O76: 透明 | P76: 119 | Q76: 2026-10-26 | R76: https://www.nitori-net.tw/product/2111200005622 | S76: 官網 | T76: high | V76: 耐重為每層；可堆疊，最多2層
A77: NITORI-A038 | B77: NITORI | C77: 小型置物架 | D77: 餐盤收納架 N BRANC | E77: 8920378 | H77: 25 | I77: 20 | J77: 8.5 | N77: 聚丙烯 | O77: 白色 | P77: 119 | Q77: 2026-10-26 | R77: https://www.nitori-net.tw/product/8920378 | S77: 官網 | T77: high | V77: 可堆疊，購買2個最多疊2層；尺寸為組裝後；價格：查詢日售價119（原價149）
A78: NITORI-A039 | B78: NITORI | C78: 小型置物架 | D78: 堆疊架 S | E78: 8987555 | H78: 41 | I78: 14 | J78: 19 | N78: PP | O78: 白色 | P78: 69 | Q78: 2026-10-26 | R78: https://www.nitori-net.tw/product/8987555 | S78: 官網 | T78: high | V78: 耐熱110℃
A79: NITORI-A040 | B79: NITORI | C79: 小型置物架 | D79: 堆疊架 M | E79: 8987556 | H79: 41 | I79: 22 | J79: 19 | N79: PP | O79: 白色 | P79: 79 | Q79: 2026-10-26 | R79: https://www.nitori-net.tw/product/8987556 | S79: 官網 | T79: high | V79: 耐熱110℃
A80: NITORI-A041 | B80: NITORI | C80: 小型置物架 | D80: 堆疊收納架 NSD01 | E80: 8430627 | H80: 44.5 | I80: 35 | J80: 23.5 | L80: 4 | N80: 聚丙烯 | O80: 白色 | P80: 139 | Q80: 2026-10-26 | R80: https://www.nitori-net.tw/product/8430627 | S80: 官網 | T80: high | V80: 內側尺寸寬40.5×深31.3×高21.8；可堆疊最多3層；價格：查詢日售價139（原價179）
A81: NITORI-A042 | B81: NITORI | C81: 抽屜隔板 | D81: 收納整理盒隔板 CLANE | E81: 8511543 | H81: 12 | I81: 28.8 | J81: 10 | N81: 分隔板：聚丙烯纖維；滑軌：聚苯乙烯 | O81: 透明 | P81: 109 | Q81: 2026-10-26 | R81: https://www.nitori-net.tw/product/8511543 | S81: 官網 | T81: high | U81: 內部尺寸12×10.8×深10cm以上的收納盒或抽屜 | V81: 內含分隔板4片、滑軌3片；尺寸為說明欄「連結尺寸」（規格欄標示3×8×6）；可連結使用
A82: NITORI-A043 | B82: NITORI | C82: 抽屜隔板 | D82: 收納盒分隔板 SOFT N INBOX | E82: 8421417 | H82: 13.3 | I82: 0.3 | J82: 10 | N82: 聚丙烯 | O82: 透明 | P82: 29 | Q82: 2026-10-26 | R82: https://www.nitori-net.tw/product/8421417 | S82: 官網 | T82: high | U82: 收納盒 HALF/LOW SOFT N INBOX 專用 | V82: 說明欄標示寬13×高10
A83: NITORI-A044 | B83: NITORI | C83: 掛勾 | D83: 掛勾S型 3P | E83: 8503177 | H83: 4.5 | O83: 藍色 | Q83: 2026-10-26 | R83: https://www.nitori-net.tw/product/8503177 | S83: 官網 | T83: high | U83: 外出時也能使用 | V83: SET:8503177|29|3|3;規格欄僅標示約寬4.5公分；價格：查詢日售價29（原價49）
A84: NITORI-A045 | B84: NITORI | C84: 掛勾 | D84: 掛勾S型 6P | E84: 8503229 | H84: 12 | I84: 6 | J84: 1 | N84: PP塑膠 | O84: 白色 | Q84: 2026-10-26 | R84: https://www.nitori-net.tw/product/8503229 | S84: 官網 | T84: high | V84: SET:8503229|39|6|6;規格欄尺寸未說明為單件或整組；價格：查詢日售價39（原價49）
A85: NITORI-A046 | B85: NITORI | C85: 掛勾 | D85: 不鏽鋼S型掛勾15-25mm 4入組 | E85: 8511529 | H85: 3.5 | I85: 5.2 | J85: 8.5 | K85: 2.5 | L85: 5 | N85: 不鏽鋼 | O85: 銀色 | Q85: 2026-10-26 | R85: https://www.nitori-net.tw/product/8511529 | S85: 官網 | T85: high | U85: 直徑25mm以內的衣桿 | V85: SET:8511529|69|4|4;耐重為每件；diameter為適用桿徑上限
A86: NITORI-A047 | B86: NITORI | C86: 掛勾 | D86: 不鏽鋼S型掛勾25-35mm 4入組 | E86: 8511531 | H86: 4 | I86: 6.5 | J86: 10.5 | K86: 3.5 | L86: 5 | N86: 不鏽鋼 | O86: 銀色 | Q86: 2026-10-26 | R86: https://www.nitori-net.tw/product/8511531 | S86: 官網 | T86: high | U86: 直徑35mm以內的衣桿 | V86: SET:8511531|79|4|4;耐重為每件；diameter為適用桿徑上限
A87: NITORI-A048 | B87: NITORI | C87: 掛勾 | D87: 防橫晃S型掛勾15-25mm 4入組 | E87: 8511527 | H87: 1.7 | I87: 5 | J87: 6.5 | K87: 2.5 | L87: 5 | N87: 不鏽鋼 | O87: 銀色 | Q87: 2026-10-26 | R87: https://www.nitori-net.tw/product/8511527 | S87: 官網 | T87: medium | U87: 直徑25mm以內的衣桿 | V87: SET:8511527|79|4|4;耐重為每件；規格欄「約寬1.7×深5×6.5公分」第三值未標高；diameter為適用桿徑上限
A88: NITORI-A049 | B88: NITORI | C88: 掛勾 | D88: 不鏽鋼S型附夾掛勾 4入組 | E88: 8511526 | H88: 1.5 | K88: 1.5 | L88: 0.5 | N88: 不鏽鋼 | O88: 銀色 | Q88: 2026-10-26 | R88: https://www.nitori-net.tw/product/8511526 | S88: 官網 | T88: high | U88: 直徑15mm以內的衣桿 | V88: SET:8511526|79|4|4;附夾子；耐重為每件；規格欄僅標示約寬1.5公分
A89: NITORI-A050 | B89: NITORI | C89: 掛勾 | D89: S掛勾 5入組 | E89: 8980446 | H89: 6 | I89: 3 | J89: 1 | K89: 1.2 | L89: 2 | N89: 鋼 | O89: 銀色 | Q89: 2026-10-26 | R89: https://www.nitori-net.tw/product/8980446 | S89: 官網 | T89: high | U89: 直徑12mm的桿子 | V89: SET:8980446|59|5|5;耐重為每件；雙頭附保護套；價格：查詢日售價59（原價69）
A90: NITORI-A051 | B90: NITORI | C90: 掛勾 | D90: 門後掛勾 TOVER10H | E90: 8470603/8470606 | H90: 34 | I90: 12 | J90: 19 | M90: 掛勾 | N90: 鋼 | O90: 白色/黑色 | P90: 199 | Q90: 2026-10-26 | R90: https://www.nitori-net.tw/product/8470603 | S90: 官網 | T90: high | V90: 門後吊掛式（依品名）；耐重未標示
A91: NITORI-A052 | B91: NITORI | C91: 掛勾 | D91: 皮包掛勾 6P | E91: 8470454 | H91: 5 | I91: 8.5 | J91: 78 | L91: 1 | M91: 掛勾 | N91: 鋼 | O91: 白色 | P91: 399 | Q91: 2026-10-26 | R91: https://www.nitori-net.tw/product/8470454 | S91: 官網 | T91: high | V91: 6個掛鉤一組（單一商品）；耐重為每個掛鉤；附門用掛鉤、衣架用掛鉤、木螺絲各1
A92: NITORI-A053 | B92: NITORI | C92: 掛勾 | D92: 伸縮桿掛勾 NT2 | E92: 7460403 | H92: 2 | I92: 2 | J92: 4 | K92: 1.4 | M92: 螺絲 | N92: ABS樹脂 | O92: 白色 | P92: 39 | Q92: 2026-10-26 | R92: https://www.nitori-net.tw/product/7460403 | S92: 官網 | T92: high | U92: 門簾桿及伸縮桿用 | V92: 適用伸縮桿直徑最大14mm；木板專用螺絲，木板厚度須10mm以上
A93: NITORI-A054 | B93: NITORI | C93: 掛勾 | D93: 伸縮桿吊環 NT2 10PCS | E93: 7460408 | H93: 3 | I93: 3 | J93: 6 | K93: 3 | N93: PP | O93: 白色 | Q93: 2026-10-26 | R93: https://www.nitori-net.tw/product/7460408 | S93: 官網 | T93: high | U93: 門簾（寬100cm約7-9個、150cm約9-14個） | V93: SET:7460408|79|10|10;diameter為吊環內徑30mm；價格：查詢日售價79（原價99）
A94: NITORI-A055 | B94: NITORI | C94: 掛勾 | D94: 不留痕掛勾4入 透明 250g | E94: 2111200037005 | H94: 3 | I94: 4 | J94: 1.6 | L94: 0.25 | M94: 黏貼 | N94: PET塑膠、PU彈性體、PC聚碳酸酯 | O94: 透明 | Q94: 2026-10-26 | R94: https://www.nitori-net.tw/product/2111200037005 | S94: 官網 | T94: high | V94: SET:2111200037005|59|4|4;官網標示「整體耐重量」250g；適用磁磚、玻璃、塑膠壓克力、鏡面等光滑平整面
A95: NITORI-A056 | B95: NITORI | C95: 掛勾 | D95: 不留痕掛勾1入 方型 1.5KG | E95: 2111200036992 | H95: 5.2 | I95: 6.6 | J95: 2 | L95: 1.5 | M95: 黏貼 | N95: PET塑膠、PU彈性體、PC聚碳酸酯 | O95: 透明 | P95: 39 | Q95: 2026-10-26 | R95: https://www.nitori-net.tw/product/2111200036992 | S95: 官網 | T95: high | V95: 適用磁磚、玻璃、塑膠壓克力、鏡面等光滑平整面
A96: NITORI-A057 | B96: NITORI | C96: 掛勾 | D96: 不留痕掛勾1入 方型 2KG | E96: 2111200036985 | H96: 6.3 | I96: 7 | J96: 2 | L96: 2 | M96: 黏貼 | N96: PET塑膠、PU彈性體、PC聚碳酸酯 | O96: 透明 | P96: 49 | Q96: 2026-10-26 | R96: https://www.nitori-net.tw/product/2111200036985 | S96: 官網 | T96: high | V96: 適用磁磚、玻璃、塑膠壓克力、鏡面等光滑平整面
A97: NITORI-A058 | B97: NITORI | C97: 掛勾 | D97: 不留痕黏貼掛勾 方型 7cm 1入 3WS7P-1B | E97: 8980845 | H97: 7 | I97: 2 | J97: 7 | L97: 1.5 | M97: 黏貼 | N97: PET PU PC | O97: 透明 | P97: 39 | Q97: 2026-10-26 | R97: https://www.nitori-net.tw/product/8980845 | S97: 官網 | T97: high | V97: 可重覆黏貼；適用光滑平整面
A98: NITORI-A059 | B98: NITORI | C98: 掛勾 | D98: 不留痕貼片掛勾2入組 | E98: 2112100000342 | H98: 5.2 | I98: 0.4 | J98: 6.6 | L98: 2 | M98: 黏貼 | N98: 塑膠、彈性體、聚碳酸酯 | O98: 白色 | Q98: 2026-10-26 | R98: https://www.nitori-net.tw/product/2112100000342 | S98: 官網 | T98: high | V98: SET:2112100000342|49|2|2;可重複黏貼；耐重未說明為每件或整組
A99: NITORI-A060 | B99: NITORI | C99: 掛勾 | D99: 不留痕浴室掛勾 S 2P JP01 | E99: 8511745 | H99: 4.2 | I99: 2.4 | J99: 5.6 | L99: 2 | M99: 黏貼 | N99: PET、PU、PC | O99: 純白色 | Q99: 2026-10-26 | R99: https://www.nitori-net.tw/product/8511745 | S99: 官網 | T99: high | V99: SET:8511745|69|2|2;官網標示「整體耐重」2kg；可重複黏貼；價格：查詢日售價69（原價79）
A100: NITORI-A061 | B100: NITORI | C100: 掛勾 | D100: 【DECO HOME商品】不留痕四連掛勾 SU01 | E100: 2112100004388 | H100: 20 | I100: 3.5 | J100: 5 | L100: 1.5 | M100: 黏貼 | N100: 鋼 | O100: 淺摩卡色 | P100: 119 | Q100: 2026-10-26 | R100: https://www.nitori-net.tw/product/2112100004388 | S100: 官網 | T100: medium | V100: 資料衝突：說明欄標示19.9×3.8×7.8公分，此列依規格欄
...

Sheet 收納技巧
A1: 編號 | B1: 空間 | C1: 主題 | D1: 技巧 | E1: 摘要 | F1: 步驟 | G1: 提到的盒子系列 | H1: 用到的配件 | I1: 相關品牌 | J1: 出處 | K1: 來源類型 | L1: 網址 | M1: 發布日 | N1: 查核日 | O1: 原文語言 | P1: 可信度
A2: TB-001 | B2: 廚房 | C2: 分區 | D2: 依水槽、備料台、爐台三條直線分區收納 | E2: 把廚房依「水槽一帶、備料台一帶、爐台一帶」縱向切開，各區只放該區用得到的東西，就能大致記住物品位置並縮短動線；同一區內再依使用頻率與重量決定放在高處或低處。 | I2: NITORI | J2: ニトリネット 収納アイデア｜キッチン・台所収納のアイデア | K2: 品牌官方 | L2: https://www.nitori-net.jp/ec/feature/storageidea/kitchen/ | M2: 2023-04-01 | N2: 2026-10-26 | O2: ja | P2: high
A3: TB-002 | B3: 層架 | C3: 高度利用/分區 | D3: 吊櫃上層放大盒、下層放小盒且不疊放 | E3: 吊櫃位置高、不易看清，避免直接把東西堆上去以免崩落，改用收納盒裝。不好拿的上層用必要數量的大盒，好拿的下層用小盒分裝；盒子彼此不要相疊，較輕的物品為主。 | I3: NITORI | J3: ニトリネット 収納アイデア｜キッチン・台所収納のアイデア | K3: 品牌官方 | L3: https://www.nitori-net.jp/ec/feature/storageidea/kitchen/ | M3: 2023-04-01 | N3: 2026-10-26 | O3: ja | P3: high
A4: TB-003 | B4: 廚房 | C4: 伸縮棒/高度利用 | D4: 高吊櫃用伸縮棒加一層 | E4: 吊櫃內部較高、想增加收納量時，可加裝伸縮棒或小層架做出第二層。伸縮棒有本身即可當棚板的款式，也有需另外在上面放棚板的款式，可依需求挑選。 | H4: 伸縮棒/伸縮層架/小型置物架 | I4: NITORI | J4: ニトリネット 収納アイデア｜キッチン・台所収納のアイデア | K4: 品牌官方 | L4: https://www.nitori-net.jp/ec/feature/storageidea/kitchen/ | M4: 2023-04-01 | N4: 2026-10-26 | O4: ja | P4: high
A5: TB-004 | B5: 廚房 | C5: 吊掛/高度利用 | D5: 吊櫃下方掛籃利用死角 | E5: 在吊櫃底板裝上可掛式籃子，就能使用吊櫃下方原本閒置的空間，適合放使用頻率高的物品；吊櫃下也可用掛勾直接吊掛常用工具，減少找與收的動作。 | H5: 吊掛收納/掛勾 | I5: NITORI | J5: ニトリネット 収納アイデア｜キッチン・台所収納のアイデア | K5: 品牌官方 | L5: https://www.nitori-net.jp/ec/feature/storageidea/kitchen/ | M5: 2023-04-01 | N5: 2026-10-26 | O5: ja | P5: high
A6: TB-005 | B6: 廚房 | C6: 壁面/浮空收納 | D6: 用磁吸收納把調味料移出檯面 | E6: 把原本直接放在檯面的調味料與廚具改用磁吸收納掛上牆，可保留備料空間並讓動線更順；牆面吸不住磁鐵時，可改用能吸磁的面板或可裝磁吸配件的伸縮立架。 | H6: 伸縮棒 | I6: NITORI | J6: ニトリネット 収納アイデア｜キッチン・台所収納のアイデア | K6: 品牌官方 | L6: https://www.nitori-net.jp/ec/feature/storageidea/kitchen/ | M6: 2023-04-01 | N6: 2026-10-26 | O6: ja | P6: high
A7: TB-006 | B7: 廚房 | C7: 縫隙/小型置物架 | D7: 爐台旁與後方縫隙放專用架 | E7: 爐台旁、爐台後方等不會拿來作業的位置是可利用點，選擇符合縫隙尺寸的架子放置調味料或工具；香料類集中到一個香料架，能避免作業檯面散亂。 | H7: 小型置物架 | I7: NITORI | J7: ニトリネット 収納アイデア｜キッチン・台所収納のアイデア | K7: 品牌官方 | L7: https://www.nitori-net.jp/ec/feature/storageidea/kitchen/ | M7: 2023-04-01 | N7: 2026-10-26 | O7: ja | P7: high
A8: TB-007 | B8: 水槽下 | C8: 避開管線/小型置物架 | D8: 對開門水槽下用避管架與滑軌盒 | E8: 對開門的水槽下要避開冷熱水與排水管，使用能繞過管線的收納架減少死角；再放入有深度與高度的滑出式收納，就能在櫃內做出類似抽屜的空間，收細小香料或較重的油品。 | H8: 小型置物架 | I8: NITORI | J8: ニトリネット 収納アイデア｜キッチン・台所収納のアイデア | K8: 品牌官方 | L8: https://www.nitori-net.jp/ec/feature/storageidea/kitchen/ | M8: 2023-04-01 | N8: 2026-10-26 | O8: ja | P8: high
A9: TB-008 | B9: 水槽下 | C9: 分區/防潮 | D9: 水槽下避免放食品與調味料 | E9: 水槽下因給水與排水，櫃內溫度與濕度容易升高，盡量不要放食品或調味料；適合放清潔劑、排水口濾網，沒有餐具櫃時也可放碗盤、瀝水籃與調理盆等水槽周邊用品。 | I9: NITORI | J9: ニトリネット 収納アイデア｜キッチン・台所収納のアイデア | K9: 品牌官方 | L9: https://www.nitori-net.jp/ec/feature/storageidea/kitchen/ | M9: 2023-04-01 | N9: 2026-10-26 | O9: ja | P9: high
A10: TB-009 | B10: 抽屜 | C10: 直立收納/抽屜隔板 | D10: 爐台下抽屜用隔板直立收鍋具 | E10: 從上方取物的抽屜，爐台下可用具隔板功能的立架，把平底鍋、鍋子與鍋蓋直立擺放，不會倒下且能依類別分開，拿取與歸位都更清楚。 | H10: 抽屜隔板 | I10: NITORI | J10: ニトリネット 収納アイデア｜キッチン・台所収納のアイデア | K10: 品牌官方 | L10: https://www.nitori-net.jp/ec/feature/storageidea/kitchen/ | M10: 2023-04-01 | N10: 2026-10-26 | O10: ja | P10: high
A11: TB-010 | B11: 抽屜 | C11: 直立收納 | D11: 深抽屜裡把盤子立起來放 | E11: 水槽下等較深的抽屜可把盤子立起收納，外觀整齊、取放順手，盤與盤之間不互相摩擦，也有助於減少破損；水槽下的抽屜也能把餐具、橡膠手套、垃圾袋放成從上方一眼好拿的狀態。 | H11: 抽屜隔板 | I11: NITORI | J11: ニトリネット 収納アイデア｜キッチン・台所収納のアイデア | K11: 品牌官方 | L11: https://www.nitori-net.jp/ec/feature/storageidea/kitchen/ | M11: 2023-04-01 | N11: 2026-10-26 | O11: ja | P11: high
A12: TB-011 | B12: 抽屜 | C12: 分區/伸縮 | D12: 淺抽屜用可伸縮整理盤填滿空間 | E12: 淺抽屜以「好找、好拿」為原則，配合抽屜尺寸使用整理盤；可伸縮的整理盤能拉開到抽屜寬度把空間用完，窄抽屜只放高頻物品，寬抽屜可一起收餐具與小工具。 | H12: 抽屜隔板 | I12: NITORI | J12: ニトリネット 収納アイデア｜キッチン・台所収納のアイデア | K12: 品牌官方 | L12: https://www.nitori-net.jp/ec/feature/storageidea/kitchen/ | M12: 2023-04-01 | N12: 2026-10-26 | O12: ja | P12: high
A13: TB-012 | B13: 廚房 | C13: 門板/吊掛 | D13: 櫃門內外側給小物找定位 | E13: 櫃門也是收納點：外側可掛毛巾或小垃圾桶，內側用黏貼或吸盤式收納放保鮮膜、隔熱手套、垃圾袋等平時不想露出的物品，用時一開門就拿得到。 | H13: 掛勾/吊掛收納 | I13: NITORI | J13: ニトリネット 収納アイデア｜キッチン・台所収納のアイデア | K13: 品牌官方 | L13: https://www.nitori-net.jp/ec/feature/storageidea/kitchen/ | M13: 2023-04-01 | N13: 2026-10-26 | O13: ja | P13: high
A14: TB-013 | B14: 廚房 | C14: 死角/小型置物架 | D14: 垃圾桶上方與冰箱旁放架子 | E14: 廚房裡冰箱與牆之間、垃圾桶上方等空間常被浪費；放入剛好塞得進的縫隙收納，或跨在垃圾桶上方的架子，可擺電鍋、微波爐等家電，減少死角。 | H14: 小型置物架 | I14: NITORI | J14: ニトリネット 収納アイデア｜キッチン・台所収納のアイデア | K14: 品牌官方 | L14: https://www.nitori-net.jp/ec/feature/storageidea/kitchen/ | M14: 2023-04-01 | N14: 2026-10-26 | O14: ja | P14: high
A15: TB-014 | B15: 衣櫃 | C15: 分區 | D15: 衣櫃分上、中、下段與門外側四區 | E15: 衣櫃先分區思考：上段放換季等低頻物；中段吊掛常穿衣物；下段放可摺衣物與較重物品，貼身衣物放收納箱；門的外側則作為包包、皮帶、外套等外出小物的暫放處。 | I15: NITORI | J15: ニトリネット 収納アイデア｜クローゼット収納のアイデア | K15: 品牌官方 | L15: https://www.nitori-net.jp/ec/feature/storageidea/closet/ | M15: 2023-04-01 | N15: 2026-10-26 | O15: ja | P15: high
A16: TB-015 | B16: 衣櫃 | C16: 高度利用/分區 | D16: 衣櫃上段用透明面或有把手的盒 | E16: 衣櫃上段不好拿，比起直接堆放，改用可疊放、防塵的收納盒；選正面透明或可快速打開的款式方便確認內容，輕量軟質或附把手的款式也較好上下搬動。 | I16: NITORI | J16: ニトリネット 収納アイデア｜クローゼット収納のアイデア | K16: 品牌官方 | L16: https://www.nitori-net.jp/ec/feature/storageidea/closet/ | M16: 2023-04-01 | N16: 2026-10-26 | O16: ja | P16: high
A17: TB-016 | B17: 衣櫃 | C17: 直立收納/分隔 | D17: 包包用書擋或檔案盒隔開立放 | E17: 包包這類形狀不一、無法自己站立的物品，可用書擋當隔板，或放進檔案盒、標準收納盒裡立著收，衣櫃上段也能整齊排列。 | H17: 抽屜隔板 | I17: NITORI | J17: ニトリネット 収納アイデア｜クローゼット収納のアイデア | K17: 品牌官方 | L17: https://www.nitori-net.jp/ec/feature/storageidea/closet/ | M17: 2023-04-01 | N17: 2026-10-26 | O17: ja | P17: high
A18: TB-017 | B18: 衣櫃 | C18: 吊掛/高度利用 | D18: 薄型與連結衣架增加吊掛量 | E18: 衣櫃寬度有限，可先換成薄型衣架增加可掛件數；褲裙或領帶、圍巾可用連結型衣架縱向串掛；毛衣、帽子等可放入掛在衣桿上的吊掛收納袋，甚至加掛一層吊衣桿把掛衣量加倍。 | H18: 吊掛收納 | I18: NITORI | J18: ニトリネット 収納アイデア｜クローゼット収納のアイデア | K18: 品牌官方 | L18: https://www.nitori-net.jp/ec/feature/storageidea/closet/ | M18: 2023-04-01 | N18: 2026-10-26 | O18: ja | P18: high
A19: TB-018 | B19: 衣櫃 | C19: 分區/統一 | D19: 衣櫃下段配合衣長疊盒並統一顏色 | E19: 衣櫃下段的基本做法是疊出層次增加收納量；先讓中段吊掛衣物的長度一致，下方就能依剩餘高度疊放收納盒。盒子全部統一同色，看起來更整齊。 | I19: NITORI | J19: ニトリネット 収納アイデア｜クローゼット収納のアイデア | K19: 品牌官方 | L19: https://www.nitori-net.jp/ec/feature/storageidea/closet/ | M19: 2023-04-01 | N19: 2026-10-26 | O19: ja | P19: high
A20: TB-019 | B20: 衣櫃 | C20: 伸縮棒/鐵網/吊掛 | D20: 衣櫃內加伸縮棒掛S鉤與鐵網 | E20: 衣櫃下段或側邊可裝伸縮棒並掛上S鉤，再搭配鐵網，就能吊掛清潔用具或包包等不易收進盒子的物品；門後與側壁這類空間適合放小物或細長物。 | H20: 伸縮棒/鐵網/掛勾 | I20: NITORI | J20: ニトリネット 収納アイデア｜クローゼット収納のアイデア | K20: 品牌官方 | L20: https://www.nitori-net.jp/ec/feature/storageidea/closet/ | M20: 2023-04-01 | N20: 2026-10-26 | O20: ja | P20: high
A21: TB-020 | B21: 衣櫃 | C21: 門板/吊掛 | D21: 衣櫃門外側掛門鉤當外套暫放處 | E21: 在衣櫃門外側裝門用掛勾，脫下的外套、帽子或每天用的包包可以直接掛上，比掛回中段衣桿方便很多；門上也可掛鏡子，讓換衣在衣櫃前完成。 | H21: 掛勾 | I21: NITORI | J21: ニトリネット 収納アイデア｜クローゼット収納のアイデア | K21: 品牌官方 | L21: https://www.nitori-net.jp/ec/feature/storageidea/closet/ | M21: 2023-04-01 | N21: 2026-10-26 | O21: ja | P21: high
A22: TB-021 | B22: 玄關 | C22: 伸縮棒/高度利用 | D22: 鞋櫃內用伸縮棒與鞋架增加層數 | E22: 檢討鞋子的擺法就能讓鞋櫃裝更多；可用鞋用疊放架或伸縮棒消除鞋櫃內的空隙。伸縮棒有直接當棚板的款式，也有另外放棚板的款式，依鞋櫃尺寸與鞋子數量選擇。 | H22: 伸縮棒/伸縮層架 | I22: NITORI | J22: ニトリネット 収納アイデア｜玄関収納のアイデア | K22: 品牌官方 | L22: https://www.nitori-net.jp/ec/feature/storageidea/entrance/ | M22: 2023-04-01 | N22: 2026-10-26 | O22: ja | P22: high
A23: TB-022 | B23: 玄關 | C23: 分類/盒子 | D23: 保養品與外出小物各裝一盒 | E23: 擦鞋海綿、鞋油等保養用品集中放進一個盒子，保養時整盒拿出即可；防蚊液、蚊香、防水噴霧、野餐墊等外出時用的零碎物品，也適合放在玄關並用盒子統一收。 | I23: NITORI | J23: ニトリネット 収納アイデア｜玄関収納のアイデア | K23: 品牌官方 | L23: https://www.nitori-net.jp/ec/feature/storageidea/entrance/ | M23: 2023-04-01 | N23: 2026-10-26 | O23: ja | P23: high
A24: TB-023 | B24: 玄關 | C24: 伸縮棒/吊掛 | D24: 鞋櫃內用伸縮棒吊掛長靴與雨傘 | E24: 長靴、雨傘等較長的物品，可在鞋櫃內用伸縮棒或毛巾架做出專門的吊掛區，把它們吊起來收納。鞋櫃大小每戶不同，要依自家鞋櫃尺寸與想收的東西規劃收法。 | H24: 伸縮棒/吊掛收納 | I24: NITORI | J24: ニトリネット 収納アイデア｜玄関収納のアイデア | K24: 品牌官方 | L24: https://www.nitori-net.jp/ec/feature/storageidea/entrance/ | M24: 2023-04-01 | N24: 2026-10-26 | O24: ja | P24: high
A25: TB-024 | B25: 玄關 | C25: 定位/門板 | D25: 鞋櫃上放托盤、門側掛拖鞋 | E25: 鞋櫃上方用小物盒或托盤給鑰匙、印章固定位置，避免檯面雜亂；拖鞋可掛在鞋櫃門外側或側面，地板空出來也比較好打掃。 | H25: 掛勾 | I25: NITORI | J25: ニトリネット 収納アイデア｜玄関収納のアイデア | K25: 品牌官方 | L25: https://www.nitori-net.jp/ec/feature/storageidea/entrance/ | M25: 2023-04-01 | N25: 2026-10-26 | O25: ja | P25: high
A26: TB-025 | B26: 玄關 | C26: 吊掛/磁吸 | D26: 玄關門用磁吸掛勾集中外出小物 | E26: 鑰匙、環保袋、口罩等帶出門的物品，可用磁吸收納掛在玄關門上集中管理；印章與酒精可放進瓶架或托盤。有小孩的家庭可依孩子拿得到與只有大人拿得到的高度分開收。 | H26: 掛勾/吊掛收納 | I26: NITORI | J26: ニトリネット 収納アイデア｜玄関収納のアイデア | K26: 品牌官方 | L26: https://www.nitori-net.jp/ec/feature/storageidea/entrance/ | M26: 2023-04-01 | N26: 2026-10-26 | O26: ja | P26: high
A27: TB-026 | B27: 玄關 | C27: 網片配件/壁面 | D27: 玄關牆面用洞洞板展示收納 | E27: 玄關牆面可用有孔板（洞洞板）、自行車架等做「展示型收納」收趣味用品；東西塞太滿會顯得雜亂，建議只放到約八成滿。 | H27: 網片配件 | I27: NITORI | J27: ニトリネット 収納アイデア｜玄関収納のアイデア | K27: 品牌官方 | L27: https://www.nitori-net.jp/ec/feature/storageidea/entrance/ | M27: 2023-04-01 | N27: 2026-10-26 | O27: ja | P27: high
A28: TB-027 | B28: 壁櫥 | C28: 分區 | D28: 壁櫥天袋前後分、頂層小分裝 | E28: 壁櫥最上層（天袋）不好取用，放低頻物品。因為很深，基本上前後分開：幾乎不拿的放後面、偶爾拿的放前面，並分成小份避免太重，盒子以有蓋款為佳。 | I28: NITORI | J28: ニトリネット 収納アイデア｜押入れ収納のアイデア | K28: 品牌官方 | L28: https://www.nitori-net.jp/ec/feature/storageidea/oshiire/ | N28: 2026-10-26 | O28: ja | P28: high
A29: TB-028 | B29: 壁櫥 | C29: 分區/滾輪 | D29: 壁櫥前後分區時，後方用滾輪收納 | E29: 壁櫥中下段若前後分開使用，常用物放前面、少用物放後面；前方放層架可搭配各種尺寸收納盒，後方則用附滾輪的衣物箱，讓後面的東西也能隨時拉出來。 | H29: 小型置物架 | I29: NITORI | J29: ニトリネット 収納アイデア｜押入れ収納のアイデア | K29: 品牌官方 | L29: https://www.nitori-net.jp/ec/feature/storageidea/oshiire/ | N29: 2026-10-26 | O29: ja | P29: high
A30: TB-029 | B30: 壁櫥 | C30: 伸縮棒/吊掛 | D30: 壁櫥下段用伸縮桿加支撐桿掛童裝 | E30: 把壁櫥下段當兒童空間時，用伸縮吊衣桿搭配支撐桿，掛再多衣服也不怕下滑；旁邊放壁櫥用收納箱收換季衣物，玩具與學用品則集中放入收納籃。 | H30: 伸縮棒/吊掛收納 | I30: NITORI | J30: ニトリネット 収納アイデア｜押入れ収納のアイデア | K30: 品牌官方 | L30: https://www.nitori-net.jp/ec/feature/storageidea/oshiire/ | N30: 2026-10-26 | O30: ja | P30: high
A31: TB-030 | B31: 浴室 | C31: 浮空收納/掛勾 | D31: 洗臉台上方用磁吸、吸盤、薄膜掛勾 | E31: 洗臉台上方放每天用的牙刷、吹風機等；需要瀝水的衛生用品改用磁鐵、吸盤或薄膜掛勾掛起來，比較衛生也更好打掃，可裝在塑膠面或鏡面等平整處。 | H31: 掛勾 | I31: NITORI | J31: ニトリネット 収納アイデア｜洗面所・脱衣所・トイレの収納アイデア | K31: 品牌官方 | L31: https://www.nitori-net.jp/ec/feature/storageidea/washroom/ | M31: 2023-04-01 | N31: 2026-10-26 | O31: ja | P31: high
A32: TB-031 | B32: 洗手台下 | C32: 避開管線/伸縮 | D32: 洗手台下用避管架與可伸縮盒 | E32: 洗手台下有排水管，可用能繞開管線的層架減少死角；再用符合深度的整理盒，選可伸縮的款式就能拉長到櫃深，連裡面的東西也好拿出。 | H32: 小型置物架 | I32: NITORI | J32: ニトリネット 収納アイデア｜洗面所・脱衣所・トイレの収納アイデア | K32: 品牌官方 | L32: https://www.nitori-net.jp/ec/feature/storageidea/washroom/ | M32: 2023-04-01 | N32: 2026-10-26 | O32: ja | P32: high
A33: TB-032 | B33: 洗手台下 | C33: 門板/掛勾 | D33: 洗手台櫃門內外側掛吹風機與日用品 | E33: 收納少的洗臉台可用門板：外側做每天用的吹風機掛點，內側用可撕除的薄膜掛勾或吸盤，把日用品藏在鏡櫃或門片裡側，減少生活感。 | H33: 掛勾 | I33: NITORI | J33: ニトリネット 収納アイデア｜洗面所・脱衣所・トイレの収納アイデア | K33: 品牌官方 | L33: https://www.nitori-net.jp/ec/feature/storageidea/washroom/ | M33: 2023-04-01 | N33: 2026-10-26 | O33: ja | P33: high
A34: TB-033 | B34: 浴室 | C34: 伸縮棒/高度利用 | D34: 洗衣機上方架伸縮棒放輕物 | E34: 洗衣機上方常是死角，可放洗衣機架或裝伸縮棒，放衣架、洗衣精等較輕的物品；設置前先確認伸縮棒長度足夠、耐重沒有問題。 | H34: 伸縮棒/伸縮層架 | I34: NITORI | J34: ニトリネット 収納アイデア｜洗面所・脱衣所・トイレの収納アイデア | K34: 品牌官方 | L34: https://www.nitori-net.jp/ec/feature/storageidea/washroom/ | M34: 2023-04-01 | N34: 2026-10-26 | O34: ja | P34: high
A35: TB-034 | B35: 浴室 | C35: 磁吸/縫隙 | D35: 洗衣機側面磁吸架與旁邊縫隙櫃 | E35: 洗衣機側面與正面可用磁吸收納掛洗衣球、衣架、毛巾，磁吸架兼有棚板與掛勾，放與掛一次完成；洗手台與洗衣機之間的縫隙則放細長推車或抽屜櫃。 | H35: 掛勾/小型置物架 | I35: NITORI | J35: ニトリネット 収納アイデア｜洗面所・脱衣所・トイレの収納アイデア | K35: 品牌官方 | L35: https://www.nitori-net.jp/ec/feature/storageidea/washroom/ | M35: 2023-04-01 | N35: 2026-10-26 | O35: ja | P35: high
A36: TB-035 | B36: 浴室 | C36: 伸縮棒/壁面 | D36: 馬桶後方牆面用伸縮棒做層架 | E36: 在馬桶後方牆面加裝伸縮棒或層板做收納，不會有壓迫感，空間小也能裝；沒有固定棚板時，用壁掛層架或伸縮棒就能多出放衛生紙等的位置。 | H36: 伸縮棒/伸縮層架 | I36: NITORI | J36: ニトリネット 収納アイデア｜洗面所・脱衣所・トイレの収納アイデア | K36: 品牌官方 | L36: https://www.nitori-net.jp/ec/feature/storageidea/washroom/ | M36: 2023-04-01 | N36: 2026-10-26 | O36: ja | P36: high
A37: TB-036 | B37: 桌面 | C37: 網片配件/掛勾 | D37: 書桌後方加裝洞洞板掛文具線材 | E37: 桌面上的東西容易散亂，可在桌子後側加裝洞洞板（パンチングボード），再配合可掛上的掛勾與托盤，把筆、眼鏡、線材等集中掛起，坐著就拿得到。 | H37: 網片配件/掛勾 | I37: NITORI | J37: ニトリネット 収納アイデア｜ワークスペースの収納アイデア | K37: 品牌官方 | L37: https://www.nitori-net.jp/ec/feature/storageidea/workspace/ | M37: 2023-04-01 | N37: 2026-10-26 | O37: ja | P37: high
A38: TB-037 | B38: 冰箱 | C38: 分區/高度利用 | D38: 冰箱上層放長期品、中下層放常備菜 | E38: 冷藏室上層較難看見與拿取，適合當長期保存的固定品（罐裝飲料、味噌等）的定位，並用有把手的托盤；中下層接近視線高度，放保存期限較短的常備菜與剩菜。 | I38: NITORI | J38: ニトリネット 特集｜見えるからムダがない！ニトリのおすすめ冷蔵庫収納 | K38: 品牌官方 | L38: https://www.nitori-net.jp/ec/feature/refrigerator/ | M38: 2023-07-26 | N38: 2026-10-26 | O38: ja | P38: high
A39: TB-038 | B39: 冰箱 | C39: 直立收納 | D39: 蔬果室下層用深盤把蔬菜立起來 | E39: 蔬果室上層放小東西與用剩的食材，下層用較深的托盤把葉菜、根莖類立起收；大小不一的食材可用可伸縮的托盤或收納盒整理。 | I39: NITORI | J39: ニトリネット 特集｜見えるからムダがない！ニトリのおすすめ冷蔵庫収納 | K39: 品牌官方 | L39: https://www.nitori-net.jp/ec/feature/refrigerator/ | M39: 2023-07-26 | N39: 2026-10-26 | O39: ja | P39: high
A40: TB-039 | B40: 冰箱 | C40: 直立收納/標籤 | D40: 冷凍庫立放、貼標並用隔板 | E40: 冷凍庫較深，冷凍食品不要疊放而是立起來；食材裝保存袋並貼標，方便定期檢查。夾鏈袋或冷凍食品不好站立時，可在托盤裡加隔板，讓家人也找得到。 | H40: 抽屜隔板 | I40: NITORI | J40: ニトリネット 特集｜見えるからムダがない！ニトリのおすすめ冷蔵庫収納 | K40: 品牌官方 | L40: https://www.nitori-net.jp/ec/feature/refrigerator/ | M40: 2023-07-26 | N40: 2026-10-26 | O40: ja | P40: high
A41: TB-040 | B41: 冰箱 | C41: 標籤/分區 | D41: 冰箱用不同尺寸托盤分裝並寫上分類 | E41: 不擅長整理的人，可把買回的食材先依「尺寸」或「種類」（飲料、乳製品、調味料等）分到不同托盤，再用紙膠帶在托盤寫上分類，家人也能維持整齊。 | I41: NITORI | J41: ニトリネット 特集｜見えるからムダがない！ニトリのおすすめ冷蔵庫収納 | K41: 品牌官方 | L41: https://www.nitori-net.jp/ec/feature/refrigerator/ | M41: 2023-07-26 | N41: 2026-10-26 | O41: ja | P41: high
A42: TB-041 | B42: 廚房 | C42: 伸縮棒/磁吸 | D42: 磁鐵吸不住的牆改用附磁板的伸縮架 | E42: 牆面不能吸磁鐵時，可用附磁吸面板的伸縮架做浮空收納；文中的不鏽鋼伸縮架深度約6cm、層板高度可調，鍋具與調理盆可以收上去，收起層板加裝盒子或立架也能邊瀝水邊收砧板與工具。 | H42: 伸縮棒/伸縮層架 | I42: NITORI | J42: ニトリネット くらし特集｜マグネットだけじゃない！浮かせる収納アイデア15選 | K42: 品牌官方 | L42: https://www.nitori-net.jp/ec/feature/kurashi/organize-2240001/ | N42: 2026-10-26 | O42: ja | P42: high
A43: TB-042 | B43: 冰箱 | C43: 吊掛/磁吸 | D43: 冰箱側面掛保鮮膜、層板下加掛盤 | E43: 保鮮膜類可用磁吸收納掛在冰箱側面，順手好拿；冰箱內則可在層板下加掛托盤，集中放容易找不到的小包裝或快到期的食品，減少浪費。 | H43: 吊掛收納 | I43: NITORI | J43: ニトリネット くらし特集｜マグネットだけじゃない！浮かせる収納アイデア15選 | K43: 品牌官方 | L43: https://www.nitori-net.jp/ec/feature/kurashi/organize-2240001/ | N43: 2026-10-26 | O43: ja | P43: high
A44: TB-043 | B44: 浴室 | C44: 磁吸/吊掛 | D44: 浴室用磁吸讓瓶罐與椅子離地 | E44: 沐浴用品擠在內建架上容易滑膩，可換成磁吸瓶或磁吸架、讓浴室椅與水桶也掛上牆；浴室轉角可裝磁吸轉角桿，把清潔劑與刷子吊在一起，架上有空隙水也較易乾。 | H44: 掛勾/吊掛收納 | I44: NITORI | J44: ニトリネット くらし特集｜マグネットだけじゃない！浮かせる収納アイデア15選 | K44: 品牌官方 | L44: https://www.nitori-net.jp/ec/feature/kurashi/organize-2240001/ | N44: 2026-10-26 | O44: ja | P44: high
A45: TB-044 | B45: 玄關 | C45: 伸縮棒/吊掛 | D45: 玄關用伸縮架掛外套與包包 | E45: 外套、包包、孩子的帽子回家後不必帶進客廳，可在玄關附近用伸縮式收納架或屏風收納，出門時直接在玄關完成最後的整裝，也省時間。 | H45: 伸縮棒/伸縮層架 | I45: NITORI | J45: ニトリネット くらし特集｜マグネットだけじゃない！浮かせる収納アイデア15選 | K45: 品牌官方 | L45: https://www.nitori-net.jp/ec/feature/kurashi/organize-2240001/ | N45: 2026-10-26 | O45: ja | P45: high
A46: TB-045 | B46: 洗手台下 | C46: 標籤/分區 | D46: 洗手台下用盒子依物品分類並貼標 | E46: 洗手台下先準備收納盒依物品類別分裝，再貼上寫明內容的標籤，收納位置自然變成家人共同遵守的規則；分類後空間會不夠，再用可伸縮層架加一層。 | F46: 分類裝盒並貼標籤；用層架增加層數 | G46: クラネ | H46: 伸縮層架 | I46: NITORI | J46: ニトリネット くらし特集｜【水回り下の収納】洗面台下の収納 | K46: 品牌官方 | L46: https://www.nitori-net.jp/ec/feature/kurashi/organize-2207001/ | N46: 2026-10-26 | O46: ja | P46: high
A47: TB-046 | B47: 浴室 | C47: 伸縮層架/窄 | D47: 窄浴室或玄關用淺型伸縮收納架 | E47: 伸縮收納架利用頂天立地固定，比一般層架省地；深度僅約15cm的淺型款可裝在玄關或浴室等狹窄處，充分利用家中多出來的空間；標準款還可加裝能吸磁的面板，搭配磁吸收納利用側面。 | G47: Nポルダ | H47: 伸縮層架 | I47: NITORI | J47: ニトリネット くらし特集｜【完全攻略】ニトリの突っ張り収納「Nポルダ」の選び方 | K47: 品牌官方 | L47: https://www.nitori-net.jp/ec/feature/kurashi/organize-2222001/ | N47: 2026-10-26 | O47: ja | P47: high
A48: TB-047 | B48: 水槽下 | C48: 小型置物架/盒子 | D48: 水槽下架子配半尺寸檔案盒分類 | E48: 水槽下放不鏽鋼水槽下收納架，在架上放半尺寸檔案盒，可把大小不一的保鮮盒、保鮮膜替換品等依種類分開；較高的架子能把高的物品立放，放入檔案盒可遮住內容讓外觀清爽。 | G48: ファイルボックス | H48: 小型置物架 | I48: MUJI | J48: 無印良品 ヨークベニマル小牛田 スタッフのおすすめ｜空間の有効活用。ステンレスシンク下収納ラック | K48: 品牌官方 | L48: https://www.muji.com/jp/ja/shop/046868/articles/muji-staff/1247316 | M48: 2023-08-17 | N48: 2026-10-26 | O48: ja | P48: high
A49: TB-048 | B49: 衣櫃 | C49: 伸縮棒/吊掛/掛勾 | D49: 褲子用S鉤掛在伸縮棒上 | E49: 把鋁製S鉤勾在褲子的腰帶環上，再掛到伸縮棒等橫桿上，就能把褲子吊起收納；一眼看得到長度與顏色，比摺好放進收納盒不易起皺、也不用擔心濕氣，適合當季常穿或暫不洗的衣物。 | F49: S鉤勾住褲子腰帶環；把S鉤掛到伸縮棒上 | H49: 伸縮棒/掛勾 | I49: MUJI | J49: 無印良品 泉中央セルバ スタッフのおすすめ｜ボトムスの収納アイディア | K49: 品牌官方 | L49: https://www.muji.com/jp/ja/shop/045517/articles/muji-staff/561821 | M49: 2020-08-21 | N49: 2026-10-26 | O49: ja | P49: high
A50: TB-049 | B50: 廚房 | C50: 伸縮棒/吊掛 | D50: 伸縮棒加不鏽鋼掛夾晾抹布與手套 | E50: 把不鏽鋼掛夾勾在伸縮棒上，可以夾著吊掛物品；店員在廚房用它晾乾橡膠手套與抹布，也有人用來吊花材做乾燥花。 | H50: 伸縮棒/吊掛收納 | I50: MUJI | J50: 無印良品 イオン八事 スタッフのおすすめ＃103｜吊るしてドライフラワーに | K50: 品牌官方 | L50: https://www.muji.com/jp/ja/shop/045570/articles/muji-staff/523756 | M50: 2020-06-26 | N50: 2026-10-26 | O50: ja | P50: high
A51: TB-050 | B51: 浴室 | C51: 吊掛 | D51: 浴室把洗面乳夾起倒吊 | E51: 不鏽鋼掛夾不易生鏽，適合浴室與廚房；夾住卸妝或洗面乳用完直接吊起，容易乾、可減少發黴，也可吊髮帶或夾便條。 | H51: 吊掛收納 | I51: MUJI | J51: 無印良品 MUJIcomエスカ スタッフのおすすめ｜あると便利なワイヤークリップ | K51: 品牌官方 | L51: https://www.muji.com/jp/ja/shop/045769/articles/muji-staff/459516 | M51: 2020-02-22 | N51: 2026-10-26 | O51: ja | P51: high
A52: TB-051 | B52: 抽屜 | C52: 分區/盒子 | D52: 餐具抽屜用小整理盒分類並可整盒端上桌 | E52: 在抽屜裡用不同尺寸的PP整理盒，把精選後的餐具依種類分開，一眼就知道位置；整理盒可直接整盒拿到餐桌，也能收廚房常用的文具、體溫計等，髒了可整個水洗。 | G52: PP整理ボックス | H52: 抽屜隔板 | I52: MUJI | J52: 無印良品 イオン八事 スタッフの愛用品#9｜私の愛用品 ポリプロピレン整理ボックス | K52: 品牌官方 | L52: https://www.muji.com/jp/ja/shop/045570/articles/muji-staff/573416 | M52: 2020-09-05 | N52: 2026-10-26 | O52: ja | P52: high
A53: TB-052 | B53: 冰箱 | C53: 分區/盒子 | D53: 冰箱用小盒做「早餐組」「味噌組」 | E53: 在冰箱裡用PP整理盒依用途做成「早餐組」「味噌組」等套組集中收納，要用時整盒拿出；較深的化妝盒半尺寸則適合放烘焙材料。 | G53: PP整理ボックス | I53: MUJI | J53: 無印良品 イオン八事 スタッフの愛用品#9｜私の愛用品 ポリプロピレン整理ボックス | K53: 品牌官方 | L53: https://www.muji.com/jp/ja/shop/045570/articles/muji-staff/573416 | M53: 2020-09-05 | N53: 2026-10-26 | O53: ja | P53: high
A54: TB-053 | B54: 廚房 | C54: 直立收納 | D54: 平底鍋與鍋蓋放檔案盒立起來 | E54: 尺寸大、不好收的平底鍋與鍋蓋，可放進檔案盒立著收，在層架或抽屜裡都能提高空間利用率；檔案盒有寬10cm、15cm及半高等尺寸可依鍋具選擇。 | G54: ファイルボックス | I54: MUJI | J54: 無印良品 特集｜無印良品の収納用品・部屋ごとの収納 | K54: 品牌官方 | L54: https://www.muji.com/jp/ja/special-feature/furniture/storage-supplies/ | N54: 2026-10-26 | O54: ja | P54: high
A55: TB-054 | B55: 水槽下 | C55: 高度利用/盒子 | D55: 水槽下用可堆疊的收納架用到頂 | E55: 水槽下高度高，容易浪費上方空間；用可以往上疊的收納架與收納盒，一路疊到接近頂部的高度。（原文提醒：不要放剛離火的熱鍋） | G55: PP収納ラック | H55: 小型置物架 | I55: MUJI | J55: 無印良品 特集｜無印良品の収納用品・部屋ごとの収納 | K55: 品牌官方 | L55: https://www.muji.com/jp/ja/special-feature/furniture/storage-supplies/ | N55: 2026-10-26 | O55: ja | P55: high
A56: TB-055 | B56: 浴室 | C56: 吊掛/薄型 | D56: 洗手台邊用可吊掛的薄型收納盒 | E56: 可吊掛的薄型收納盒很窄，用掛勾掛著也能用；材質不怕水與冷氣，適合收定不了位置的消耗品，以及吹風機、離子夾等較長的工具。 | G56: 薄型収納ケース | H56: 掛勾/吊掛收納 | I56: MUJI | J56: 無印良品 特集｜無印良品の収納用品・部屋ごとの収納 | K56: 品牌官方 | L56: https://www.muji.com/jp/ja/special-feature/furniture/storage-supplies/ | N56: 2026-10-26 | O56: ja | P56: high
A57: TB-056 | B57: 浴室 | C57: 盒子/壁面 | D57: 洗衣用品用不透明盒收並搭配壁掛鉤 | E57: 洗衣精、柔軟精、漂白劑等瓶罐容易雜亂，用灰白色的軟質聚乙烯收納盒裝起來，可遮住商品標籤顯得清爽；旁邊可加磁吸式不鏽鋼壁掛鉤吊掛小物。 | G57: やわらかポリエチレンケース | H57: 掛勾 | I57: MUJI | J57: 無印良品 特集｜無印良品の収納用品・部屋ごとの収納 | K57: 品牌官方 | L57: https://www.muji.com/jp/ja/special-feature/furniture/storage-supplies/ | N57: 2026-10-26 | O57: ja | P57: high
A58: TB-057 | B58: 通用 | C58: 分區 | D58: 收納位置依「在哪裡用、做什麼用」決定 | E58: 收納的基本是依使用目的、使用地點與頻率決定位置：同用途的物品放一起、放在使用地點附近、常用的放最好拿處。站直時視線到指尖之間是最好取放的「黃金區」，日常碗盤優先放這裡。 | I58: MUJI | J58: 無印良品の家 住まいのコラム｜無印良品のインテリアアドバイザーに聞く「使いやすいキッチン収納」 | K58: 品牌官方 | L58: https://house.muji.com/life/clmn/tebiki/tebiki_250731/ | M58: 2025-07-31 | N58: 2026-10-26 | O58: ja | P58: high
A59: TB-058 | B59: 廚房 | C59: 分區 | D59: 消耗品分「使用中」與「庫存」兩區 | E59: 保鮮膜、鋁箔等先分成已開封使用中與未開封庫存；使用中且常用的放黃金區，少用的消耗品與庫存集中起來，較輕的可放高處。常溫食材則已開封放手邊，未開封放視線以下。 | I59: MUJI | J59: 無印良品の家 住まいのコラム｜無印良品のインテリアアドバイザーに聞く「使いやすいキッチン収納」 | K59: 品牌官方 | L59: https://house.muji.com/life/clmn/tebiki/tebiki_250731/ | M59: 2025-07-31 | N59: 2026-10-26 | O59: ja | P59: high
A60: TB-059 | B60: 水槽下 | C60: 分區/防潮 | D60: 水槽下不放蔬菜，改放清潔用品 | E60: 水槽下濕氣重，不建議放蔬菜；不得已時要裝進可密封的容器。水槽下適合放清潔用品；鍋子與平底鍋則放在使用位置附近的爐台下。 | I60: MUJI | J60: 無印良品の家 住まいのコラム｜無印良品のインテリアアドバイザーに聞く「使いやすいキッチン収納」 | K60: 品牌官方 | L60: https://house.muji.com/life/clmn/tebiki/tebiki_250731/ | M60: 2025-07-31 | N60: 2026-10-26 | O60: ja | P60: high
A61: TB-060 | B61: 洗手台下 | C61: 精簡/避開管線 | D61: 洗手台下把盒裝品換成袋裝縮小體積 | E61: 原本有外盒的物品（例如OK繃）改裝進袋子，可以不必連同盒子的空間一起收；這個「縮小體積」的做法特別適合有管線凹凸的洗手台下。 | I61: MUJI | J61: 無印良品の家 住まいのコラム｜無印良品のインテリアアドバイザーに聞く「デッドスペースの使い方」 | K61: 品牌官方 | L61: https://house.muji.com/life/clmn/tebiki/tebiki_250828/ | M61: 2025-08-28 | N61: 2026-10-26 | O61: ja | P61: high
A62: TB-061 | B62: 廚房 | C62: 吊掛/掛勾 | D62: 廚房牆上橫桿掛S鉤吊湯勺 | E62: 在廚房牆面裝一支橫桿，掛上鋁製S鉤，就能把湯勺、鍋鏟等調理器具吊起收納；直接「掛起來」也不必煩惱收納盒尺寸合不合。 | H62: 掛勾/吊掛收納 | I62: MUJI | J62: 無印良品の家 住まいのコラム｜無印良品のインテリアアドバイザーに聞く「デッドスペースの使い方」 | K62: 品牌官方 | L62: https://house.muji.com/life/clmn/tebiki/tebiki_250828/ | M62: 2025-08-28 | N62: 2026-10-26 | O62: ja | P62: high
A63: TB-062 | B63: 通用 | C63: 直立收納/縫隙 | D63: 細縫用來立放長條物 | E63: 衣櫃門邊等細窄的死角，適合立放細長物品，例如雨傘、掃把、地板拖把等清潔用具，或彼此重疊也好拿的東西。 | I63: MUJI | J63: 無印良品の家 住まいのコラム｜無印良品のインテリアアドバイザーに聞く「デッドスペースの使い方」 | K63: 品牌官方 | L63: https://house.muji.com/life/clmn/tebiki/tebiki_250828/ | M63: 2025-08-28 | N63: 2026-10-26 | O63: ja | P63: high
A64: TB-063 | B64: 冰箱 | C64: 精簡 | D64: 食材放進冰箱前先拆外包裝 | E64: 買回的食材在放進冰箱前，先拆掉外層包裝（如優格的套裝膜、起司外盒），只把內容物集中到容器裡，形狀整齊更好拿；有期限的就寫在容器或貼標，防乾燥用的包裝則不要硬拆。 | I64: MUJI | J64: 無印良品の家 住まいのコラム｜無印良品のインテリアアドバイザーに聞く「冷蔵庫の整理収納術」 | K64: 品牌官方 | L64: https://house.muji.com/life/clmn/tebiki/tebiki_260918/ | M64: 2026-09-18 | N64: 2026-10-26 | O64: ja | P64: high
A65: TB-064 | B65: 冰箱 | C65: 高度利用 | D65: 調整冰箱棚板高度並往上疊 | E65: 多數冰箱可以調棚板高度，依常買的物品與常用容器高度調整，減少上方多餘空隙；能直立的就直立，小容器可疊兩三層，用高度補足，不必占用太多橫向空間。 | I65: MUJI | J65: 無印良品の家 住まいのコラム｜無印良品のインテリアアドバイザーに聞く「冷蔵庫の整理収納術」 | K65: 品牌官方 | L65: https://house.muji.com/life/clmn/tebiki/tebiki_260918/ | M65: 2026-09-18 | N65: 2026-10-26 | O65: ja | P65: high
A66: TB-065 | B66: 冰箱 | C66: 直立收納/分區 | D66: 冷凍室直立並依種類分角落 | E66: 視線以下的冷凍室與蔬果室不易看清，改成直立收納較好拿，會倒就用隔板撐住；冷凍室再依冰品、冷凍蔬菜、冷凍食品等分出角落，一眼找到。 | H66: 抽屜隔板 | I66: MUJI | J66: 無印良品の家 住まいのコラム｜無印良品のインテリアアドバイザーに聞く「冷蔵庫の整理収納術」 | K66: 品牌官方 | L66: https://house.muji.com/life/clmn/tebiki/tebiki_260918/ | M66: 2026-09-18 | N66: 2026-10-26 | O66: ja | P66: high
A67: TB-066 | B67: 冰箱 | C67: 分區 | D67: 冰箱門架依高度分，雙排時高的放後排 | E67: 門架依物品高度分配：牛奶、寶特瓶等高的放下層，小瓶調味料放上層矮的格子；雙排門架後排不易看見，不要塞太多，後排放較高的物品。 | I67: MUJI | J67: 無印良品の家 住まいのコラム｜無印良品のインテリアアドバイザーに聞く「冷蔵庫の整理収納術」 | K67: 品牌官方 | L67: https://house.muji.com/life/clmn/tebiki/tebiki_260918/ | M67: 2026-09-18 | N67: 2026-10-26 | O67: ja | P67: high
A68: TB-067 | B68: 冰箱 | C68: 先進先出/抽屜 | D68: 冰箱抽屜式托盤，新品放後面 | E68: 抽屜式的冰箱托盤可以一路看到底，舊東西不易被埋沒；新買的放到托盤後側，接近期限的自然留在前面，可預防過期。用透明容器裝也能一眼看出內容。 | G68: 冷蔵庫内整理トレー | I68: MUJI | J68: 無印良品の家 住まいのコラム｜無印良品のインテリアアドバイザーに聞く「冷蔵庫の整理収納術」 | K68: 品牌官方 | L68: https://house.muji.com/life/clmn/tebiki/tebiki_260918/ | M68: 2026-09-18 | N68: 2026-10-26 | O68: ja | P68: high
A69: TB-068 | B69: 洗手台下 | C69: 防潮 | D69: 洗手台下不放毛巾，改放清潔劑庫存 | E69: 洗手台下有管線，是洗手間最容易悶濕的地方，毛巾與內衣等布類不要放這裡，改放洗劑庫存等不怕濕氣的物品；收納用品選不易生鏽的不鏽鋼或好擦拭的PP、PE材質。 | I69: MUJI | J69: 無印良品の家 住まいのコラム｜無印良品のインテリアアドバイザーに聞く、すっきり心地よい「洗面所の収納術」 | K69: 品牌官方 | L69: https://house.muji.com/life/clmn/tebiki/tebiki_261023/ | M69: 2026-10-23 | N69: 2026-10-26 | O69: ja | P69: high
A70: TB-069 | B70: 浴室 | C70: 壁面/掛勾 | D70: 洗手間沒地方放家具時用牆面 | E70: 洗手間放不下家具時，可在牆上裝掛勾或層架增加收納；裝在洗臉時手伸得到的高度、洗衣機旁等實際使用位置附近，配合生活動線會更方便。 | H70: 掛勾 | I70: MUJI | J70: 無印良品の家 住まいのコラム｜無印良品のインテリアアドバイザーに聞く、すっきり心地よい「洗面所の収納術」 | K70: 品牌官方 | L70: https://house.muji.com/life/clmn/tebiki/tebiki_261023/ | M70: 2026-10-23 | N70: 2026-10-26 | O70: ja | P70: high
A71: TB-070 | B71: 浴室 | C71: 分區 | D71: 洗手台收納依用途分，不依高度分 | E71: 洗手台收納不要只依物品高矮分層，而是依用途成組：保養、護髮、口腔清潔等大致分類即可，例如「保養品在右邊門內」這種粗略分法，同時使用的物品就不會分散在不同層。 | I71: MUJI | J71: 無印良品の家 住まいのコラム｜無印良品のインテリアアドバイザーに聞く、すっきり心地よい「洗面所の収納術」 | K71: 品牌官方 | L71: https://house.muji.com/life/clmn/tebiki/tebiki_261023/ | M71: 2026-10-23 | N71: 2026-10-26 | O71: ja | P71: high
A72: TB-071 | B72: 洗手台下 | C72: 量尺寸/滾輪 | D72: 開放式洗手台下先量可用尺寸 | E72: 開放式洗手台下有管線凸出，隨意擺放會多出死角；先量出避開管線後的左右寬、深度與高度，再依尺寸組合收納用品。想要整齊就對齊縱向線條，也可放附滾輪的台子方便移出打掃。 | I72: MUJI | J72: 無印良品の家 住まいのコラム｜無印良品のインテリアアドバイザーに聞く、すっきり心地よい「洗面所の収納術」 | K72: 品牌官方 | L72: https://house.muji.com/life/clmn/tebiki/tebiki_261023/ | M72: 2026-10-23 | N72: 2026-10-26 | O72: ja | P72: high
A73: TB-072 | B73: 浴室 | C73: 分區 | D73: 脫衣間的睡衣內衣一人一格 | E73: 家人多時，睡衣與內衣分配成每人一個抽屜或一層層架（例如由上而下爸爸、媽媽、孩子），收衣與取用都方便、庫存也好掌握；獨居或人少則改依種類（睡衣、內衣、襪子）分。 | I73: MUJI | J73: 無印良品の家 住まいのコラム｜無印良品のインテリアアドバイザーに聞く、すっきり心地よい「洗面所の収納術」 | K73: 品牌官方 | L73: https://house.muji.com/life/clmn/tebiki/tebiki_261023/ | M73: 2026-10-23 | N73: 2026-10-26 | O73: ja | P73: high
A74: TB-073 | B74: 浴室 | C74: 掛勾/吊掛 | D74: 曬衣夾架用兩個S鉤掛成菱形 | E74: 洗衣用品只放用得到的數量，衣架可放進檔案盒收整齊；多夾曬衣架容易纏在一起，可摺起後斜放成菱形，在角上勾S鉤掛到牆上的掛勾，就不會互相糾結。 | F74: 把曬衣夾架摺起斜放成菱形；在菱形角上裝S鉤掛到牆面掛勾 | G74: ファイルボックス | H74: 掛勾 | I74: MUJI | J74: 無印良品の家 住まいのコラム｜無印良品のインテリアアドバイザーに聞く、すっきり心地よい「洗面所の収納術」 | K74: 品牌官方 | L74: https://house.muji.com/life/clmn/tebiki/tebiki_261023/ | M74: 2026-10-23 | N74: 2026-10-26 | O74: ja | P74: high
A75: TB-074 | B75: 衣櫃 | C75: 吊掛 | D75: 衣櫃以吊掛為主並依頻率排列 | E75: 空間允許時盡量用一個動作就能取放的吊掛收納；由前到後依「當季常穿＞週末穿＞婚喪喜慶等特殊場合」排列，同種類的衣服排在一起可縮短挑衣時間。厚毛衣易被撐變形，可改為摺放。 | H75: 吊掛收納 | I75: MUJI | J75: 無印良品の家 住まいのコラム｜無印良品のインテリアアドバイザーに聞く「クローゼットの整理収納術」②収納編 | K75: 品牌官方 | L75: https://house.muji.com/life/clmn/tebiki/tebiki_251027/ | M75: 2025-10-27 | N75: 2026-10-26 | O75: ja | P75: high
A76: TB-075 | B76: 衣櫃 | C76: 標籤 | D76: 衣架與抽屜做記號，共用衣櫃標示是誰的 | E76: 在衣架或抽屜標上衣物種類與季節，讓用途與歸位處一目了然；多人共用的家庭衣櫃可用彩色紙膠帶等標示「是誰的」，有助於維持整齊。 | I76: MUJI | J76: 無印良品の家 住まいのコラム｜無印良品のインテリアアドバイザーに聞く「クローゼットの整理収納術」②収納編 | K76: 品牌官方 | L76: https://house.muji.com/life/clmn/tebiki/tebiki_251027/ | M76: 2025-10-27 | N76: 2026-10-26 | O76: ja | P76: high
A77: TB-076 | B77: 抽屜 | C77: 直立收納 | D77: 摺好的衣服在抽屜裡直立排放 | E77: 衣物摺好放抽屜時，與其平放往上疊，不如直立排列，好拿且收納量更大；T恤、牛仔褲等有厚度的衣物會互相撐住，若仍會倒可加擋板。 | H77: 抽屜隔板 | I77: MUJI | J77: 無印良品の家 住まいのコラム｜無印良品のインテリアアドバイザーに聞く「クローゼットの整理収納術」②収納編 | K77: 品牌官方 | L77: https://house.muji.com/life/clmn/tebiki/tebiki_251027/ | M77: 2025-10-27 | N77: 2026-10-26 | O77: ja | P77: high
A78: TB-077 | B78: 衣櫃 | C78: 掛勾/吊掛 | D78: 皮帶領帶用掛勾掛在衣桿上 | E78: 皮帶、領帶等細長物，在衣桿上加掛勾掛起來最好拿，皮帶把扣頭勾在掛勾上就不會掉；包包可放入寬檔案盒隔開收納，布包捲成棒狀可縮小體積。 | G78: ファイルボックス | H78: 掛勾 | I78: MUJI | J78: 無印良品の家 住まいのコラム｜無印良品のインテリアアドバイザーに聞く「クローゼットの整理収納術」②収納編 | K78: 品牌官方 | L78: https://house.muji.com/life/clmn/tebiki/tebiki_251027/ | M78: 2025-10-27 | N78: 2026-10-26 | O78: ja | P78: high
A79: TB-078 | B79: 衣櫃 | C79: 掛勾/壁面 | D79: 帽子掛在衣櫃旁牆面的掛勾 | E79: 可摺的帽子摺起收，有帽簷的棒球帽等掛在掛勾上不易變形；掛在衣桿上會占空間，可在衣櫃旁的牆面裝掛勾掛帽子，節省衣桿位置。 | H79: 掛勾 | I79: MUJI | J79: 無印良品の家 住まいのコラム｜無印良品のインテリアアドバイザーに聞く「クローゼットの整理収納術」②収納編 | K79: 品牌官方 | L79: https://house.muji.com/life/clmn/tebiki/tebiki_251027/ | M79: 2025-10-27 | N79: 2026-10-26 | O79: ja | P79: high
A80: TB-079 | B80: 玄關 | C80: 掛勾/壁面 | D80: 玄關牆面裝掛勾並配合孩子身高 | E80: 回家就丟在地上的帽子、外套、包包是玄關亂的主因；在玄關裝可上牆的掛勾、橫木或層架，脫下立刻掛上。依孩子身高安裝，小朋友也能自己收好。 | G80: 壁に付けられる家具 | H80: 掛勾 | I80: MUJI | J80: 無印良品 読みもの まとめ｜玄関がすっきり片付く収納アイデア4選 | K80: 品牌官方 | L80: https://www.muji.com/jp/ja/store/articles/staff-blog/summary/1587002 | M80: 2025-05-07 | N80: 2026-10-26 | O80: ja | P80: high
A81: TB-080 | B81: 玄關 | C81: 分類/盒子 | D81: 外出用小物依類別放不透明盒 | E81: 外玩用具、摺疊傘、雨衣、自行車用品、防蚊液等在家不用的東西，在玄關附近設收納位，用可遮住內容的軟質收納盒或檔案盒依類別分裝，家人也不再問「放哪裡」。 | G81: やわらかポリエチレンケース/ファイルボックス | I81: MUJI | J81: 無印良品 読みもの まとめ｜玄関がすっきり片付く収納アイデア4選 | K81: 品牌官方 | L81: https://www.muji.com/jp/ja/store/articles/staff-blog/summary/1587002 | M81: 2025-05-07 | N81: 2026-10-26 | O81: ja | P81: high
A82: TB-081 | B82: 浴室 | C82: 盒子/統一 | D82: 洗手間並排同款盒子，毛巾放鐵線籃 | E82: 毛巾與庫存品用中身看不見的軟質收納盒並排放，整體就顯得清爽，盒子輕且耐水也能當洗衣籃；想要「看得見」的收納則用不鏽鋼鐵線籃，一個動作就能取放毛巾。 | G82: やわらかポリエチレンケース/ステンレスワイヤーバスケット | I82: MUJI | J82: 無印良品 読みもの まとめ｜狭くてもごちゃつかず、すっきり。洗面所の収納アイデア | K82: 品牌官方 | L82: https://www.muji.com/jp/ja/store/articles/staff-blog/summary/1598364 | M82: 2025-06-11 | N82: 2026-10-26 | O82: ja | P82: high
A83: TB-082 | B83: 水槽下 | C83: 小型置物架 | D83: 管線在後方時，層架放在管線前面 | E83: 水槽下的排水管若位在較裡面，可把低矮的不鏽鋼層架放在管線前方，上面再放小物收納盒；爐台下也可用同樣最矮的側板組成層架。 | G83: ステンレスユニットシェルフ/小物収納ケース | H83: 小型置物架 | I83: MUJI | J83: 無印良品 読みもの まとめ｜無印良品スタッフの住まいから、収納家具の取り入れかたを集めました | K83: 品牌官方 | L83: https://www.muji.com/jp/ja/store/articles/staff-blog/summary/1679425 | M83: 2026-06-15 | N83: 2026-10-26 | O83: ja | P83: medium
A84: TB-083 | B84: 玄關 | C84: 掛勾/吊掛 | D84: 玄關層架側板掛不鏽鋼掛勾與夾子 | E84: 玄關用淺型層架當鞋櫃時，可在層架側板加掛不鏽鋼掛勾與掛夾，做出吊掛收納；上層再用半尺寸檔案盒分裝小物。 | G84: ファイルボックス | H84: 掛勾/吊掛收納 | I84: MUJI | J84: 無印良品 読みもの まとめ｜無印良品スタッフの住まいから、収納家具の取り入れかたを集めました | K84: 品牌官方 | L84: https://www.muji.com/jp/ja/store/articles/staff-blog/summary/1679425 | M84: 2026-06-15 | N84: 2026-10-26 | O84: ja | P84: medium
A85: TB-084 | B85: 衣櫃 | C85: 並排/盒子 | D85: 依衣櫃深度選衣物收納箱並排 | E85: 依衣櫃尺寸選收納箱：寬40cm的款式可並排使用把空間用滿；橫式寬55cm的款可並排放兩件襯衫或毛衣；狹窄處則用較小的收納盒與橫式款並排。 | G85: PP收納盒 | I85: MUJI | J85: 無印良品 台灣 MUJI Journal｜收納用品特集 | K85: 品牌官方 | L85: https://www.muji.tw/muji-journal/feature/24ss/storage-supplies/ | N85: 2026-10-26 | O85: zh-TW | P85: high
A86: TB-085 | B86: 冰箱 | C86: 盒子/分區 | D86: 冰箱用耐冷耐水的軟質盒，散物用小尺寸 | E86: 軟質聚乙烯收納盒耐冷、耐水，可用在冰箱或會碰水的地方，也能互相堆疊；零散物品用小尺寸或半尺寸，大件物品用深型。 | G86: 軟質聚乙烯收納盒 | I86: MUJI | J86: 無印良品 台灣 MUJI Journal｜收納用品特集 | K86: 品牌官方 | L86: https://www.muji.tw/muji-journal/feature/24ss/storage-supplies/ | N86: 2026-10-26 | O86: zh-TW | P86: high
A87: TB-086 | B87: 層架 | C87: 防災/先進先出 | D87: 用收納箱存調理包，吃多少補多少 | E87: 把調理包與寶特瓶等放進收納箱存放，平時吃掉多少就補多少，緊急時就能當作防災儲備食品；收納箱蓋子的凸面與凹面可互相嵌合，疊放與搬運都方便。 | G87: PP收納箱 | I87: MUJI | J87: 無印良品 台灣 MUJI Journal｜收納用品特集 | K87: 品牌官方 | L87: https://www.muji.tw/muji-journal/feature/24ss/storage-supplies/ | N87: 2026-10-26 | O87: zh-TW | P87: high
A88: TB-087 | B88: 水槽下 | C88: 避開管線/高度利用 | D88: 水槽下用模組盒繞管線，加小層架與轉盤 | E88: 水槽下常因管線形狀不規則，用可彈性配置的模組收納盒繞開管線；再加小層架或轉盤，把洗碗精、海綿與清潔用品放在不同高度。只放必要的物品，容器貼標籤方便歸位。 | G88: HÅLLBAR | H88: 小型置物架 | I88: IKEA | J88: IKEA US｜Organize under the kitchen sink: 6 smart storage ideas | K88: 品牌官方 | L88: https://www.ikea.com/us/en/rooms/kitchen/how-to/organize-under-the-kitchen-sink-6-smart-storage-ideas-pubacf6ec70/ | N88: 2026-10-26 | O88: en | P88: high
A89: TB-088 | B89: 水槽下 | C89: 直立收納/防潮 | D89: 瓶罐直立放在容器裡並鋪防護墊 | E89: 清潔劑等瓶罐直立放進收納容器，可在漏出前先擋住；櫃底鋪防護墊或抽屜墊接住滴水、保持乾淨。洗碗精與海綿放在轉盤上更好拿。 | G89: VARIERA | I89: IKEA | J89: IKEA US｜Organize under the kitchen sink: 6 smart storage ideas | K89: 品牌官方 | L89: https://www.ikea.com/us/en/rooms/kitchen/how-to/organize-under-the-kitchen-sink-6-smart-storage-ideas-pubacf6ec70/ | N89: 2026-10-26 | O89: en | P89: high
A90: TB-089 | B90: 水槽下 | C90: 分區/拉出 | D90: 水槽下依清潔、垃圾、工具分區並加拉出盤 | E90: 櫃子深處的東西不好拿，可加裝拉出式托盤或拉出框，整個櫃深都看得到；版面維持簡單，依「清潔、垃圾、工具」分區，備用品放到別處，避免水槽下過度擁擠。 | G90: HÅLLBAR/VARIERA | I90: IKEA | J90: IKEA US｜Organize under the kitchen sink: 6 smart storage ideas | K90: 品牌官方 | L90: https://www.ikea.com/us/en/rooms/kitchen/how-to/organize-under-the-kitchen-sink-6-smart-storage-ideas-pubacf6ec70/ | N90: 2026-10-26 | O90: en | P90: high
A91: TB-090 | B91: 洗手台下 | C91: 盒子/透明 | D91: 洗手台下用可疊透明盒與轉盤 | E91: 洗手台下若是層板，不像抽屜好檢視，可把物品分到可堆疊的透明容器裡就找得到；日常保養用的瓶罐放在轉盤上，轉一下就能拿到後方的東西。 | G91: KUGGIS/SAMLA | I91: IKEA | J91: IKEA UK｜Under sink bathroom storage ideas | K91: 品牌官方 | L91: https://www.ikea.com/gb/en/rooms/bathroom/how-to/under-sink-bathroom-storage-ideas-pub7bb1a450/ | N91: 2026-10-26 | O91: en | P91: high
A92: TB-091 | B92: 抽屜 | C92: 分區 | D92: 浴室抽屜依類別或家人分隔 | E92: 封閉式洗手台櫃把內部整理好，就能讓浴室顯得平靜；用抽屜分隔盒把物品依類別或家庭成員分開，每次打開都清楚。 | G92: NOJIG | H92: 抽屜隔板 | I92: IKEA | J92: IKEA UK｜Under sink bathroom storage ideas | K92: 品牌官方 | L92: https://www.ikea.com/gb/en/rooms/bathroom/how-to/under-sink-bathroom-storage-ideas-pub7bb1a450/ | N92: 2026-10-26 | O92: en | P92: high
A93: TB-092 | B93: 冰箱 | C93: 分區/盒子 | D93: 冰箱依需要的溫度把物品分箱 | E93: 把需要相近溫度的物品放進較大的箱子分組：冰箱下層較冷，適合生肉與乳製品；上層適合抹醬與即食品。用箱子裝，萬一漏出來也比較好清理。 | G93: KLIPPKAKTUS | I93: IKEA | J93: IKEA US｜Easy ways to organize your fridge | K93: 品牌官方 | L93: https://www.ikea.com/us/en/rooms/kitchen/how-to/easy-ways-to-organize-your-fridge-pubaec7aa90/ | N93: 2026-10-26 | O93: en | P93: high
A94: TB-093 | B94: 冰箱 | C94: 透明/堆疊 | D94: 冰箱用同尺寸蓋的透明容器堆疊 | E94: 透明容器一看就知道內容，有助於減少食物浪費；選擇蓋子尺寸共通的容器系列就能堆疊。番茄、酪梨、洋蔥、香蕉等不必冷藏的食材，改放吊掛網袋或檯面的碗裡，讓冰箱不擠。 | G94: IKEA 365+/KLIPPKAKTUS | H94: 吊掛收納 | I94: IKEA | J94: IKEA US｜Easy ways to organize your fridge | K94: 品牌官方 | L94: https://www.ikea.com/us/en/rooms/kitchen/how-to/easy-ways-to-organize-your-fridge-pubaec7aa90/ | N94: 2026-10-26 | O94: en | P94: high
A95: TB-094 | B95: 抽屜 | C95: 抽屜隔板 | D95: 廚房抽屜用隔板分開工具並收捲狀品 | E95: 在抽屜插入可調整的隔板，把打蛋器、鍋鏟與湯匙分開；烘焙紙、保鮮膜、鋁箔捲則用可調式內盒收整齊。抽屜底鋪防滑墊可避免東西滑動刮傷，也好擦拭。 | G95: VARIERA/UPPDATERA | H95: 抽屜隔板 | I95: IKEA | J95: IKEA US｜How to organize kitchen cabinets and drawers: 8 ideas that save time and space | K95: 品牌官方 | L95: https://www.ikea.com/us/en/rooms/kitchen/how-to/how-to-organize-kitchen-cabinets-and-drawers-8-ideas-that-save-time-and-space-pube8ed7a50/ | N95: 2026-10-26 | O95: en | P95: high
A96: TB-095 | B96: 廚房 | C96: 分區/盒子 | D96: 沒有抽屜就用盒子依功能分組 | E96: 廚房沒有抽屜時，用較小的容器與盒子依功能分組，例如鍋具放一起並加鍋蓋架，深櫃裡也能一眼看清；烤箱下方的抽屜適合收烤盤、托盤與餐墊等扁平物，能整齊疊放。 | H96: 抽屜隔板 | I96: IKEA | J96: IKEA US｜How to organize kitchen cabinets and drawers: 8 ideas that save time and space | K96: 品牌官方 | L96: https://www.ikea.com/us/en/rooms/kitchen/how-to/how-to-organize-kitchen-cabinets-and-drawers-8-ideas-that-save-time-and-space-pube8ed7a50/ | N96: 2026-10-26 | O96: en | P96: high
A97: TB-096 | B97: 廚房 | C97: 網片配件/門板 | D97: 櫃門內側裝洞洞板做香料架 | E97: 用洞洞板組合做簡單的香料架，可裝在廚櫃門內側或爐台附近方便的位置，節省櫃內與檯面空間，找調味料也更快。 | G97: SKÅDIS | H97: 網片配件 | I97: IKEA | J97: IKEA Philippines｜Custom walls with IKEA pegboards | K97: 品牌官方 | L97: https://www.ikea.com/ph/en/ideas/custom-walls-with-ikea-pegboards-pubcd140fa0/ | N97: 2026-10-26 | O97: en | P97: high
A98: TB-097 | B98: 浴室 | C98: 網片配件/壁面 | D98: 小浴室牆上裝洞洞板加層板與小盒 | E98: 小浴室可在牆上裝有層板的洞洞板，收護髮與美妝品；洞洞板用的小收納盒可放牙膏、牙刷，連不方便的小角落也能利用。 | G98: SKÅDIS | H98: 網片配件 | I98: IKEA | J98: IKEA Philippines｜Custom walls with IKEA pegboards | K98: 品牌官方 | L98: https://www.ikea.com/ph/en/ideas/custom-walls-with-ikea-pegboards-pubcd140fa0/ | N98: 2026-10-26 | O98: en | P98: high
A99: TB-098 | B99: 浴室 | C99: 免打孔/吊掛 | D99: 洗衣間用門後衣架與吸盤掛籃 | E99: 狹小的洗衣間可用門後衣架、夾式衣架、附吸盤的掛籃與掛勾，不必在牆上打洞，可隨需要放置、移動與換位置；畚箕與清潔刷掛到牆上，洗衣精倒入透明瓶罐。 | G99: PÅLYCKE | H99: 掛勾/吊掛收納 | I99: IKEA | J99: IKEA 台灣 佈置靈感｜整理洗衣房的聰明巧思 | K99: 品牌官方 | L99: https://www.ikea.com.tw/zh/inspirations/clever-ideas-to-organise-your-laundry-room | N99: 2026-10-26 | O99: zh-TW | P99: high
A100: TB-099 | B100: 抽屜 | C100: 分區/盒子 | D100: 抽屜混搭不同尺寸收納盒 | E100: 在抽屜裡混搭不同尺寸的儲物盒，所有物件一目瞭然，需要時整盒拿出即可；書桌、廚房檯面或玄關的雜物也可用分隔式儲物格收納。 | G100: NOJIG/KUGGIS | H100: 抽屜隔板 | I100: IKEA | J100: IKEA 台灣 空間靈感｜7個收納小秘訣，讓生活更輕鬆便利 | K100: 品牌官方 | L100: https://www.ikea.com.tw/zh/galleries/7-home-organisation-ideas-for-a-smoother-everyday-flow | N100: 2026-10-26 | O100: zh-TW | P100: high
...

Sheet 品牌摘要
A1: 品牌 | B1: 品項數 | C1: 有內寸 | D1: 單售有價格 | E1: 套組拆件／多件裝 | F1: 高可信度 | G1: 單售平均價NT$
A2: MUJI | B2: =COUNTIF(商品總表!$B$2:$B$485,A2) | C2: =COUNTIFS(商品總表!$B$2:$B$485,A2,商品總表!$I$2:$I$485,">0") | D2: =COUNTIFS(商品總表!$B$2:$B$485,A2,商品總表!$P$2:$P$485,">0") | E2: =COUNTIFS(商品總表!$B$2:$B$485,A2,商品總表!$V$2:$V$485,"整組*") | F2: =COUNTIFS(商品總表!$B$2:$B$485,A2,商品總表!$T$2:$T$485,"high") | G2: =IFERROR(ROUND(AVERAGEIF(商品總表!$B$2:$B$485,A2,商品總表!$P$2:$P$485),0),"-")
A3: NITORI | B3: =COUNTIF(商品總表!$B$2:$B$485,A3) | C3: =COUNTIFS(商品總表!$B$2:$B$485,A3,商品總表!$I$2:$I$485,">0") | D3: =COUNTIFS(商品總表!$B$2:$B$485,A3,商品總表!$P$2:$P$485,">0") | E3: =COUNTIFS(商品總表!$B$2:$B$485,A3,商品總表!$V$2:$V$485,"整組*") | F3: =COUNTIFS(商品總表!$B$2:$B$485,A3,商品總表!$T$2:$T$485,"high") | G3: =IFERROR(ROUND(AVERAGEIF(商品總表!$B$2:$B$485,A3,商品總表!$P$2:$P$485),0),"-")
A4: IKEA | B4: =COUNTIF(商品總表!$B$2:$B$485,A4) | C4: =COUNTIFS(商品總表!$B$2:$B$485,A4,商品總表!$I$2:$I$485,">0") | D4: =COUNTIFS(商品總表!$B$2:$B$485,A4,商品總表!$P$2:$P$485,">0") | E4: =COUNTIFS(商品總表!$B$2:$B$485,A4,商品總表!$V$2:$V$485,"整組*") | F4: =COUNTIFS(商品總表!$B$2:$B$485,A4,商品總表!$T$2:$T$485,"high") | G4: =IFERROR(ROUND(AVERAGEIF(商品總表!$B$2:$B$485,A4,商品總表!$P$2:$P$485),0),"-")
A5: DAISO | B5: =COUNTIF(商品總表!$B$2:$B$485,A5) | C5: =COUNTIFS(商品總表!$B$2:$B$485,A5,商品總表!$I$2:$I$485,">0") | D5: =COUNTIFS(商品總表!$B$2:$B$485,A5,商品總表!$P$2:$P$485,">0") | E5: =COUNTIFS(商品總表!$B$2:$B$485,A5,商品總表!$V$2:$V$485,"整組*") | F5: =COUNTIFS(商品總表!$B$2:$B$485,A5,商品總表!$T$2:$T$485,"high") | G5: =IFERROR(ROUND(AVERAGEIF(商品總表!$B$2:$B$485,A5,商品總表!$P$2:$P$485),0),"-")
A6: 合計 | B6: =SUM(B2:B5) | C6: =SUM(C2:C5) | D6: =SUM(D2:D5) | E6: =SUM(E2:E5) | F6: =SUM(F2:F5) | G6: =ROUND(AVERAGE(商品總表!$P$2:$P$485),0)
A8: 資料查詢日 2026-10-26。來源：MUJI shop.muji.tw＋官方收納型錄 25.12；NITORI nitori-net.tw；IKEA ikea.com.tw；大創見各列「來源」欄。
A9: 套組／多件裝的售價欄留空，整組價格寫在「套組／多件裝」欄；計算引擎會依整組件數換算購買組數。

Sheet 欄位說明
A1: 欄位 | B1: 說明
A2: 編號
A3: 品牌
A4: 系列
A5: 品名
A6: 商品編號
A7: 外寬cm | B7: 外寸寬（正面左右）
A8: 外深cm | B8: 外寸深（前後）
A9: 外高cm | B9: 外寸高
A10: 內寬cm | B10: 內寸寬，僅官方有標才填，不推算
A11: 內深cm | B11: 內寸深，同上
A12: 內高cm | B12: 內寸高，同上
A13: 材質
A14: 顏色 | B14: 多色以「/」分隔；單一顏色名含斜線時改用「+」
A15: 可堆疊 | B15: Y＝官方明確說可堆疊；空白＝官方未說明
A16: 附蓋 | B16: Y＝含蓋；另售蓋寫在備註
A17: 售價NT$ | B17: 查價日的官網單售價；套組與多件裝留空
A18: 查價日
A19: 官網連結
A20: 來源
A21: 可信度 | B21: high＝官網商品頁直接取得；medium＝型錄或來源間數值衝突（見備註）
A22: 備註 | B22: 套組列開頭為 SET:<套組編號>|<整組價>|<此尺寸件數>|<整組件數>; 供程式讀取
